asset,signal_number,signal_timestamp,entry_timestamp,exit_timestamp,current_close,entry_open,exit_close,mean_final_pred_close,forecast_return,actual_return,upside_probability,position,direction_correct,gross_return,net_return,final_close_error_pct,chart_path
zec_5m,1,2026-01-27 05:55:00,2026-01-27 06:00:00,2026-01-27 07:55:00,371.68,371.68,382.74,371.9476684570312,0.0007201583540445089,0.02975678002582871,0.4,-1,True,-0.02975678002582871,-0.03115678002582871,0.028197553281519516,outputs/crypto_prediction_reviews/zec_5m/signals/0001_20260127_055500.png
zec_5m,2,2026-01-27 13:55:00,2026-01-27 14:00:00,2026-01-27 15:55:00,379.06,379.17,383.33,378.4819641113281,-0.0015249192441087577,0.011264707434179178,0.6,1,False,0.010971332120156996,0.009571332120156996,0.012647160119666712,outputs/crypto_prediction_reviews/zec_5m/signals/0002_20260127_135500.png
zec_5m,3,2026-01-27 21:55:00,2026-01-27 22:00:00,2026-01-27 23:55:00,399.34,399.28,399.83,399.1021240234375,-0.0005956728015287016,0.0012270245905745547,0.4,-1,False,-0.0013774794630334597,-0.00277747946303346,0.001820463638452563,outputs/crypto_prediction_reviews/zec_5m/signals/0003_20260127_215500.png
zec_5m,4,2026-01-28 05:55:00,2026-01-28 06:00:00,2026-01-28 07:55:00,390.79,390.79,390.79,392.7292724609375,0.004962441364767467,0.0,0.8,1,True,0.0,-0.0014,0.004962441364767534,outputs/crypto_prediction_reviews/zec_5m/signals/0004_20260128_055500.png
zec_5m,5,2026-01-28 13:55:00,2026-01-28 14:00:00,2026-01-28 15:55:00,385.27,385.27,379.39,386.03843383789064,0.0019945332828682494,-0.015262024035092248,0.4,-1,False,0.015262024035092248,0.013862024035092247,0.01752400916705943,outputs/crypto_prediction_reviews/zec_5m/signals/0005_20260128_135500.png
zec_5m,6,2026-01-28 21:55:00,2026-01-28 22:00:00,2026-01-28 23:55:00,375.14,375.14,371.06,374.31560668945315,-0.002197561738409304,-0.010875939649197641,0.6,1,True,-0.010875939649197641,-0.012275939649197641,0.008773801243607826,outputs/crypto_prediction_reviews/zec_5m/signals/0006_20260128_215500.png
zec_5m,7,2026-01-29 05:55:00,2026-01-29 06:00:00,2026-01-29 07:55:00,363.58,363.62,365.47,363.2460693359375,-0.0009184516861832082,0.0051983057373894415,0.4,-1,False,-0.005087728947802628,-0.006487728947802628,0.006085125082941234,outputs/crypto_prediction_reviews/zec_5m/signals/0007_20260129_055500.png
zec_5m,8,2026-01-29 13:55:00,2026-01-29 14:00:00,2026-01-29 15:55:00,364.4,364.42,354.68,363.3984130859375,-0.002748591970533676,-0.026673984632272107,0.2,-1,True,0.0267274024477252,0.025327402447725203,0.02458106768336954,outputs/crypto_prediction_reviews/zec_5m/signals/0008_20260129_135500.png
zec_5m,9,2026-01-29 21:55:00,2026-01-29 22:00:00,2026-01-29 23:55:00,351.39,351.4,353.49,350.3216857910156,-0.003040252167063273,0.005976265687697602,0.2,-1,False,-0.005947638019351276,-0.007347638019351276,0.00896295286708082,outputs/crypto_prediction_reviews/zec_5m/signals/0009_20260129_215500.png
zec_5m,10,2026-01-30 05:55:00,2026-01-30 06:00:00,2026-01-30 07:55:00,338.14,338.15,335.96,335.44663696289064,-0.00796523048769553,-0.0064470337729934935,0.2,-1,True,0.006476415791808354,0.005076415791808354,0.0015280480923601791,outputs/crypto_prediction_reviews/zec_5m/signals/0010_20260130_055500.png
zec_5m,11,2026-01-30 13:55:00,2026-01-30 14:00:00,2026-01-30 15:55:00,331.12,331.07,336.35,325.4080749511719,-0.0172503172530446,0.015794877989852685,0.0,-1,False,-0.015948288881505457,-0.017348288881505455,0.032531366281635554,outputs/crypto_prediction_reviews/zec_5m/signals/0011_20260130_135500.png
zec_5m,12,2026-01-30 21:55:00,2026-01-30 22:00:00,2026-01-30 23:55:00,337.66,337.69,340.66,336.2102478027344,-0.004293526616317189,0.008884676893917032,0.2,-1,False,-0.008795048713317044,-0.010195048713317044,0.013062150523294846,outputs/crypto_prediction_reviews/zec_5m/signals/0012_20260130_215500.png
zec_5m,13,2026-01-31 05:55:00,2026-01-31 06:00:00,2026-01-31 07:55:00,332.66,332.65,324.59,335.4517822265625,0.008392299123917767,-0.0242590031864367,1.0,1,False,-0.024229670825191674,-0.025629670825191672,0.03346308335611847,outputs/crypto_prediction_reviews/zec_5m/signals/0013_20260131_055500.png
zec_5m,14,2026-01-31 13:55:00,2026-01-31 14:00:00,2026-01-31 15:55:00,313.95,313.97,312.2,316.63902587890624,0.008565140560300222,-0.005574136008918651,1.0,1,False,-0.005637481288021218,-0.007037481288021218,0.014218532603799572,outputs/crypto_prediction_reviews/zec_5m/signals/0014_20260131_135500.png
zec_5m,15,2026-01-31 21:55:00,2026-01-31 22:00:00,2026-01-31 23:55:00,295.89,295.92,303.07,294.6314758300781,-0.004253351481705603,0.024265774443205324,0.2,-1,False,-0.024161935658285838,-0.025561935658285836,0.027843482264565567,outputs/crypto_prediction_reviews/zec_5m/signals/0015_20260131_215500.png
zec_5m,16,2026-02-01 05:55:00,2026-02-01 06:00:00,2026-02-01 07:55:00,303.95,303.96,301.16,300.30640869140626,-0.011987469348885482,-0.00917914130613573,0.0,-1,True,0.009211738386629698,0.007811738386629697,0.0028343448950516326,outputs/crypto_prediction_reviews/zec_5m/signals/0016_20260201_055500.png
zec_5m,17,2026-02-01 13:55:00,2026-02-01 14:00:00,2026-02-01 15:55:00,295.35,295.36,291.08,292.6239074707031,-0.009230040728955124,-0.014457423395971003,0.4,-1,True,0.014490790899241657,0.013090790899241657,0.005304065791889245,outputs/crypto_prediction_reviews/zec_5m/signals/0017_20260201_135500.png
zec_5m,18,2026-02-01 21:55:00,2026-02-01 22:00:00,2026-02-01 23:55:00,293.6,293.6,305.98,292.8077331542969,-0.0026984565589344145,0.04216621253405983,0.4,-1,False,-0.04216621253405983,-0.04356621253405983,0.04304943736748523,outputs/crypto_prediction_reviews/zec_5m/signals/0018_20260201_215500.png
zec_5m,19,2026-02-02 05:55:00,2026-02-02 06:00:00,2026-02-02 07:55:00,295.02,295.16,299.1,293.0494445800781,-0.0066793960406815065,0.01382957087655079,0.2,-1,False,-0.013348692234720128,-0.014748692234720128,0.020229205683456764,outputs/crypto_prediction_reviews/zec_5m/signals/0019_20260202_055500.png
zec_5m,20,2026-02-02 13:55:00,2026-02-02 14:00:00,2026-02-02 15:55:00,299.85,299.77,300.34,300.93853149414065,0.0036302534405222575,0.001634150408537538,0.4,-1,True,-0.0019014577843012859,-0.003301457784301286,0.001992846421191574,outputs/crypto_prediction_reviews/zec_5m/signals/0020_20260202_135500.png
zec_5m,21,2026-02-02 21:55:00,2026-02-02 22:00:00,2026-02-02 23:55:00,294.54,294.56,295.73,295.67998046875,0.003870375734195597,0.004040198275276685,0.6,1,True,0.003972026072786683,0.0025720260727866828,0.00016913918523664417,outputs/crypto_prediction_reviews/zec_5m/signals/0021_20260202_215500.png
zec_5m,22,2026-02-03 05:55:00,2026-02-03 06:00:00,2026-02-03 07:55:00,288.9,288.92,290.5,289.9429870605469,0.0036102009710865302,0.005538248528902834,0.6,1,True,0.005468641838571209,0.004068641838571209,0.0019174283630055688,outputs/crypto_prediction_reviews/zec_5m/signals/0022_20260203_055500.png
zec_5m,23,2026-02-03 13:55:00,2026-02-03 14:00:00,2026-02-03 15:55:00,287.08,286.97,282.79,288.2611999511719,0.004114532364399825,-0.014943569736658668,0.6,1,False,-0.014565982506882236,-0.015965982506882234,0.019347218611591055,outputs/crypto_prediction_reviews/zec_5m/signals/0023_20260203_135500.png
zec_5m,24,2026-02-03 21:55:00,2026-02-03 22:00:00,2026-02-03 23:55:00,281.55,281.6,270.7,285.60841064453126,0.014414529016271493,-0.038536671994317206,0.8,1,False,-0.038707386363636465,-0.04010738636363646,0.05507355243639189,outputs/crypto_prediction_reviews/zec_5m/signals/0024_20260203_215500.png
zec_5m,25,2026-02-04 05:55:00,2026-02-04 06:00:00,2026-02-04 07:55:00,277.29,277.24,279.46,276.4593444824219,-0.0029956201723039034,0.007825742002957048,0.4,-1,False,-0.008007502524888022,-0.009407502524888022,0.010737334565154466,outputs/crypto_prediction_reviews/zec_5m/signals/0025_20260204_055500.png
zec_5m,26,2026-02-04 13:55:00,2026-02-04 14:00:00,2026-02-04 15:55:00,273.26,273.14,266.14,273.2189025878906,-0.00015039673610981464,-0.026055771060528476,0.4,-1,True,0.025627883136852936,0.024227883136852937,0.026598416577330086,outputs/crypto_prediction_reviews/zec_5m/signals/0026_20260204_135500.png
zec_5m,27,2026-02-04 21:55:00,2026-02-04 22:00:00,2026-02-04 23:55:00,257.4,257.37,251.84,259.7733612060547,0.009220517506040072,-0.021600621600621484,0.8,1,False,-0.021486575746979097,-0.022886575746979096,0.03150159309901013,outputs/crypto_prediction_reviews/zec_5m/signals/0027_20260204_215500.png
zec_5m,28,2026-02-05 05:55:00,2026-02-05 06:00:00,2026-02-05 07:55:00,242.66,242.66,245.7,244.43454284667968,0.00731287746921494,0.012527816698260974,0.6,1,True,0.012527816698260974,0.011127816698260974,0.005150415764429428,outputs/crypto_prediction_reviews/zec_5m/signals/0028_20260205_055500.png
zec_5m,29,2026-02-05 13:55:00,2026-02-05 14:00:00,2026-02-05 15:55:00,217.22,217.31,227.8,218.6810302734375,0.0067260393768414865,0.048706380627934864,0.6,1,True,0.04827205374810184,0.04687205374810184,0.040030595814585235,outputs/crypto_prediction_reviews/zec_5m/signals/0029_20260205_135500.png
zec_5m,30,2026-02-05 21:55:00,2026-02-05 22:00:00,2026-02-05 23:55:00,212.99,213.03,205.0,210.62100524902343,-0.011122563270466079,-0.03751349828630457,0.2,-1,True,0.03769422147115431,0.03629422147115431,0.027419537800114302,outputs/crypto_prediction_reviews/zec_5m/signals/0030_20260205_215500.png
zec_5m,31,2026-02-06 05:55:00,2026-02-06 06:00:00,2026-02-06 07:55:00,216.4,216.33,214.18,219.05863342285156,0.012285736704489625,-0.010258780036968562,0.6,1,False,-0.009938519853926908,-0.011338519853926908,0.022778193215293507,outputs/crypto_prediction_reviews/zec_5m/signals/0031_20260206_055500.png
zec_5m,32,2026-02-06 13:55:00,2026-02-06 14:00:00,2026-02-06 15:55:00,235.69,235.67,239.46,230.99290771484374,-0.01992911148184584,0.015995587424158852,0.2,-1,False,-0.016081809309627992,-0.01748180930962799,0.035359109183814685,outputs/crypto_prediction_reviews/zec_5m/signals/0032_20260206_135500.png
zec_5m,33,2026-02-06 21:55:00,2026-02-06 22:00:00,2026-02-06 23:55:00,243.02,243.04,240.61,243.5878692626953,0.0023367182235837004,-0.009916879269195933,0.8,1,False,-0.009998354180381752,-0.011398354180381752,0.012376332083850583,outputs/crypto_prediction_reviews/zec_5m/signals/0033_20260206_215500.png
zec_5m,34,2026-02-07 05:55:00,2026-02-07 06:00:00,2026-02-07 07:55:00,235.77,235.82,228.94,238.74339599609374,0.012611426373557898,-0.02896891037875904,0.8,1,False,-0.02917479433466197,-0.030574794334661967,0.04282080892851292,outputs/crypto_prediction_reviews/zec_5m/signals/0034_20260207_055500.png
zec_5m,35,2026-02-07 13:55:00,2026-02-07 14:00:00,2026-02-07 15:55:00,231.9,231.91,239.27,231.5056915283203,-0.0017003383858546384,0.0317809400603708,0.6,1,False,0.03173644948471388,0.03033644948471388,0.03244998734350191,outputs/crypto_prediction_reviews/zec_5m/signals/0035_20260207_135500.png
zec_5m,36,2026-02-07 21:55:00,2026-02-07 22:00:00,2026-02-07 23:55:00,242.62,242.52,240.45,242.8736999511719,0.00104566792173717,-0.00894402769763425,0.4,-1,False,0.008535378525482473,0.007135378525482473,0.010079850077653996,outputs/crypto_prediction_reviews/zec_5m/signals/0036_20260207_215500.png
zec_5m,37,2026-02-08 05:55:00,2026-02-08 06:00:00,2026-02-08 07:55:00,242.02,242.02,240.86,242.7464111328125,0.0030014508421307485,-0.004792992314684774,0.6,1,False,-0.004792992314684774,-0.006192992314684774,0.007831981785321407,outputs/crypto_prediction_reviews/zec_5m/signals/0037_20260208_055500.png
zec_5m,38,2026-02-08 13:55:00,2026-02-08 14:00:00,2026-02-08 15:55:00,243.29,243.28,243.64,242.72686157226562,-0.002314679714473966,0.0014386123556249242,0.4,-1,False,-0.0014797763893454885,-0.0028797763893454887,0.0037479002944277306,outputs/crypto_prediction_reviews/zec_5m/signals/0038_20260208_135500.png
zec_5m,39,2026-02-08 21:55:00,2026-02-08 22:00:00,2026-02-08 23:55:00,236.85,236.85,239.91,238.04097595214844,0.005028397518042826,0.012919569347688453,1.0,1,True,0.012919569347688453,0.011519569347688453,0.007790521644998383,outputs/crypto_prediction_reviews/zec_5m/signals/0039_20260208_215500.png
zec_5m,40,2026-02-09 05:55:00,2026-02-09 06:00:00,2026-02-09 07:55:00,241.04,241.0,233.4,242.52261047363282,0.006150889784404301,-0.03169598406903418,0.8,1,False,-0.03153526970954357,-0.032935269709543566,0.03908573467709009,outputs/crypto_prediction_reviews/zec_5m/signals/0040_20260209_055500.png
zec_5m,41,2026-02-09 13:55:00,2026-02-09 14:00:00,2026-02-09 15:55:00,233.08,233.08,237.15,230.8048126220703,-0.009761401140937464,0.017461815685601456,0.0,-1,False,-0.017461815685601456,-0.018861815685601455,0.02675600834041625,outputs/crypto_prediction_reviews/zec_5m/signals/0041_20260209_135500.png
zec_5m,42,2026-02-09 21:55:00,2026-02-09 22:00:00,2026-02-09 23:55:00,241.52,241.56,240.34,241.96710205078125,0.0018512009389749506,-0.004885723749585957,0.8,1,False,-0.005050505050505083,-0.006450505050505083,0.0067700010434437186,outputs/crypto_prediction_reviews/zec_5m/signals/0042_20260209_215500.png
zec_5m,43,2026-02-10 05:55:00,2026-02-10 06:00:00,2026-02-10 07:55:00,235.25,235.18,236.28,235.58705444335936,0.001432750024907037,0.004378320935175317,0.4,-1,True,-0.00467726847521055,-0.00607726847521055,0.002932730475032286,outputs/crypto_prediction_reviews/zec_5m/signals/0043_20260210_055500.png
zec_5m,44,2026-02-10 13:55:00,2026-02-10 14:00:00,2026-02-10 15:55:00,237.43,237.42,233.88,235.62269592285156,-0.007611944898068668,-0.014951775260076738,0.0,-1,True,0.01491028556987617,0.01351028556987617,0.007451239622248806,outputs/crypto_prediction_reviews/zec_5m/signals/0044_20260210_135500.png
zec_5m,45,2026-02-10 21:55:00,2026-02-10 22:00:00,2026-02-10 23:55:00,229.92,229.96,233.91,230.06866455078125,0.000646592513836386,0.01735386221294366,0.6,1,True,0.01717690033049224,0.01577690033049224,0.016422279719630395,outputs/crypto_prediction_reviews/zec_5m/signals/0045_20260210_215500.png
zec_5m,46,2026-02-11 05:55:00,2026-02-11 06:00:00,2026-02-11 07:55:00,235.21,235.28,226.45,234.37634887695313,-0.0035442843546060533,-0.03724331448492846,0.2,-1,True,0.0375297517851072,0.0361297517851072,0.035002644632162294,outputs/crypto_prediction_reviews/zec_5m/signals/0046_20260211_055500.png
zec_5m,47,2026-02-11 13:55:00,2026-02-11 14:00:00,2026-02-11 15:55:00,226.62,226.64,226.23,225.02845764160156,-0.007022956307468187,-0.0017209425469950634,0.6,1,True,-0.0018090363572185186,-0.003209036357218519,0.005311153951281566,outputs/crypto_prediction_reviews/zec_5m/signals/0047_20260211_135500.png
zec_5m,48,2026-02-11 21:55:00,2026-02-11 22:00:00,2026-02-11 23:55:00,242.7,242.77,240.43,244.88052978515626,0.008984465534224429,-0.00935311083642354,0.8,1,False,-0.009638752728920341,-0.011038752728920341,0.0185107090843748,outputs/crypto_prediction_reviews/zec_5m/signals/0048_20260211_215500.png
zec_5m,49,2026-02-12 05:55:00,2026-02-12 06:00:00,2026-02-12 07:55:00,239.08,239.06,239.68,240.9794189453125,0.007944700289913387,0.002509620210808139,0.8,1,True,0.002593491173763951,0.001193491173763951,0.005421474237785828,outputs/crypto_prediction_reviews/zec_5m/signals/0049_20260212_055500.png
zec_5m,50,2026-02-12 13:55:00,2026-02-12 14:00:00,2026-02-12 15:55:00,239.24,239.26,235.63,239.94231872558595,0.002935624166468487,-0.0150894499247618,0.6,1,False,-0.015171779653932904,-0.016571779653932903,0.018301229578516987,outputs/crypto_prediction_reviews/zec_5m/signals/0050_20260212_135500.png
zec_5m,51,2026-02-12 21:55:00,2026-02-12 22:00:00,2026-02-12 23:55:00,229.72,229.72,233.07,227.99969787597655,-0.007488691119725899,0.014582970572871279,0.4,-1,False,-0.014582970572871279,-0.015982970572871277,0.021754417660031056,outputs/crypto_prediction_reviews/zec_5m/signals/0051_20260212_215500.png
zec_5m,52,2026-02-13 05:55:00,2026-02-13 06:00:00,2026-02-13 07:55:00,229.52,229.55,230.81,228.1917510986328,-0.005787072592223752,0.005620425235273618,0.2,-1,False,-0.005489000217817397,-0.006889000217817397,0.01134374117831638,outputs/crypto_prediction_reviews/zec_5m/signals/0052_20260213_055500.png
zec_5m,53,2026-02-13 13:55:00,2026-02-13 14:00:00,2026-02-13 15:55:00,235.1,235.18,244.3,235.72331848144532,0.0026512908611030284,0.039132284134411055,0.8,1,True,0.03877880772174502,0.037378807721745025,0.03510716953972448,outputs/crypto_prediction_reviews/zec_5m/signals/0053_20260213_135500.png
zec_5m,54,2026-02-13 21:55:00,2026-02-13 22:00:00,2026-02-13 23:55:00,273.97,273.97,267.31,268.871875,-0.01860833302916387,-0.024309230937693993,0.6,1,True,-0.024309230937693993,-0.02570923093769399,0.005842935168904884,outputs/crypto_prediction_reviews/zec_5m/signals/0054_20260213_215500.png
zec_5m,55,2026-02-14 05:55:00,2026-02-14 06:00:00,2026-02-14 07:55:00,281.47,281.5,286.75,282.0987182617188,0.002233695462105123,0.018758659892706087,0.6,1,True,0.018650088809946785,0.017250088809946787,0.016220686096883097,outputs/crypto_prediction_reviews/zec_5m/signals/0055_20260214_055500.png
zec_5m,56,2026-02-14 13:55:00,2026-02-14 14:00:00,2026-02-14 15:55:00,284.13,284.13,284.66,283.37779541015624,-0.0026473958745776294,0.0018653433287580956,0.4,-1,False,-0.0018653433287580956,-0.003265343328758096,0.004504337068235054,outputs/crypto_prediction_reviews/zec_5m/signals/0056_20260214_135500.png
zec_5m,57,2026-02-14 21:55:00,2026-02-14 22:00:00,2026-02-14 23:55:00,323.06,323.04,323.52,324.8949462890625,0.005679893174835926,0.0014238841082150344,0.8,1,True,0.0014858841010398915,8.588410103989156e-05,0.004249957619505862,outputs/crypto_prediction_reviews/zec_5m/signals/0057_20260214_215500.png
zec_5m,58,2026-02-15 05:55:00,2026-02-15 06:00:00,2026-02-15 07:55:00,317.12,317.16,310.06,319.831201171875,0.008549448700413098,-0.022262865792129216,0.6,1,False,-0.02238617732374837,-0.023786177323748367,0.03151390431489065,outputs/crypto_prediction_reviews/zec_5m/signals/0058_20260215_055500.png
zec_5m,59,2026-02-15 13:55:00,2026-02-15 14:00:00,2026-02-15 15:55:00,295.41,295.41,296.76,300.2597412109375,0.016416983889974857,0.004569919772519526,0.6,1,True,0.004569919772519526,0.003169919772519526,0.01179317027543303,outputs/crypto_prediction_reviews/zec_5m/signals/0059_20260215_135500.png
zec_5m,60,2026-02-15 21:55:00,2026-02-15 22:00:00,2026-02-15 23:55:00,295.25,295.3,297.77,292.93089599609374,-0.007854712968353095,0.008535139712108286,0.0,-1,False,-0.008364375211649122,-0.009764375211649122,0.01625114687143181,outputs/crypto_prediction_reviews/zec_5m/signals/0060_20260215_215500.png
zec_5m,61,2026-02-16 05:55:00,2026-02-16 06:00:00,2026-02-16 07:55:00,285.48,285.52,283.77,284.8995300292969,-0.002033312213476068,-0.005989911727616759,0.6,1,True,-0.006129167834127203,-0.007529167834127203,0.003980442010420138,outputs/crypto_prediction_reviews/zec_5m/signals/0061_20260216_055500.png
zec_5m,62,2026-02-16 13:55:00,2026-02-16 14:00:00,2026-02-16 15:55:00,296.13,296.12,287.89,294.2319274902344,-0.006409592104027339,-0.02782561712761289,0.2,-1,True,0.027792786708091377,0.02639278670809138,0.022028995415729558,outputs/crypto_prediction_reviews/zec_5m/signals/0062_20260216_135500.png
zec_5m,63,2026-02-16 21:55:00,2026-02-16 22:00:00,2026-02-16 23:55:00,293.42,293.42,294.13,293.05645141601565,-0.001239004103279906,0.002419739622384176,0.4,-1,False,-0.002419739622384176,-0.0038197396223841763,0.003649911889247459,outputs/crypto_prediction_reviews/zec_5m/signals/0063_20260216_215500.png
zec_5m,64,2026-02-17 05:55:00,2026-02-17 06:00:00,2026-02-17 07:55:00,288.59,288.6,286.56,288.4298828125,-0.0005548258342283896,-0.007034200769257315,0.4,-1,True,0.0070686070686071245,0.005668607068607124,0.00652527502966227,outputs/crypto_prediction_reviews/zec_5m/signals/0064_20260217_055500.png
zec_5m,65,2026-02-17 13:55:00,2026-02-17 14:00:00,2026-02-17 15:55:00,293.13,293.13,284.92,291.15509033203125,-0.006737316780843816,-0.028008051035376735,0.2,-1,True,0.028008051035376735,0.026608051035376737,0.021883652716661706,outputs/crypto_prediction_reviews/zec_5m/signals/0065_20260217_135500.png
zec_5m,66,2026-02-17 21:55:00,2026-02-17 22:00:00,2026-02-17 23:55:00,288.68,288.72,296.38,290.5557800292969,0.006497783113817634,0.02667313288069839,1.0,1,True,0.026530894984760245,0.025130894984760246,0.019651190939682484,outputs/crypto_prediction_reviews/zec_5m/signals/0066_20260217_215500.png
zec_5m,67,2026-02-18 05:55:00,2026-02-18 06:00:00,2026-02-18 07:55:00,291.22,291.2,290.98,294.15081176757815,0.010063909647613833,-0.0008241192225808547,1.0,1,False,-0.0007554945054943918,-0.002155494505494392,0.01089700930503179,outputs/crypto_prediction_reviews/zec_5m/signals/0067_20260218_055500.png
zec_5m,68,2026-02-18 13:55:00,2026-02-18 14:00:00,2026-02-18 15:55:00,281.2,281.22,284.06,281.92802734375,0.0025890019336771487,0.010170697012802377,0.8,1,True,0.010098854988976447,0.008698854988976447,0.0075053603332042584,outputs/crypto_prediction_reviews/zec_5m/signals/0068_20260218_135500.png
zec_5m,69,2026-02-18 21:55:00,2026-02-18 22:00:00,2026-02-18 23:55:00,266.85,266.85,264.62,271.31483154296876,0.016731615300613557,-0.008356754731122407,0.8,1,False,-0.008356754731122407,-0.009756754731122407,0.025299794206669057,outputs/crypto_prediction_reviews/zec_5m/signals/0069_20260218_215500.png
zec_5m,70,2026-02-19 05:55:00,2026-02-19 06:00:00,2026-02-19 07:55:00,261.13,261.12,262.89,260.4674499511719,-0.0025372421737376747,0.006739937961934617,0.2,-1,False,-0.006778492647058654,-0.008178492647058654,0.009215071127955055,outputs/crypto_prediction_reviews/zec_5m/signals/0070_20260219_055500.png
zec_5m,71,2026-02-19 13:55:00,2026-02-19 14:00:00,2026-02-19 15:55:00,257.28,257.32,259.54,254.90360107421876,-0.009236625177943169,0.008784203980099603,0.2,-1,False,-0.008627390020208514,-0.010027390020208514,0.017863908938049122,outputs/crypto_prediction_reviews/zec_5m/signals/0071_20260219_135500.png
zec_5m,72,2026-02-19 21:55:00,2026-02-19 22:00:00,2026-02-19 23:55:00,263.66,263.67,262.17,263.38579711914065,-0.0010399866527323275,-0.0056512174770537715,0.4,-1,True,0.0056889293434975174,0.004288929343497517,0.004637437994967408,outputs/crypto_prediction_reviews/zec_5m/signals/0072_20260219_215500.png
zec_5m,73,2026-02-20 05:55:00,2026-02-20 06:00:00,2026-02-20 07:55:00,264.92,264.96,260.74,265.0078430175781,0.00033158318578481173,-0.01577834818058288,0.4,-1,False,0.015926932367149593,0.014526932367149593,0.016368194437286654,outputs/crypto_prediction_reviews/zec_5m/signals/0073_20260220_055500.png
zec_5m,74,2026-02-20 13:55:00,2026-02-20 14:00:00,2026-02-20 15:55:00,254.72,254.7,263.36,255.3304412841797,0.0023965188606300146,0.03391959798994981,0.8,1,True,0.03400078523753436,0.03260078523753436,0.030488907639050433,outputs/crypto_prediction_reviews/zec_5m/signals/0074_20260220_135500.png
zec_5m,75,2026-02-20 21:55:00,2026-02-20 22:00:00,2026-02-20 23:55:00,259.99,259.96,258.97,259.5440612792969,-0.001715214895584971,-0.003923227816454378,0.6,1,True,-0.0038082781966454204,-0.005208278196645421,0.0022167095775451617,outputs/crypto_prediction_reviews/zec_5m/signals/0075_20260220_215500.png
zec_5m,76,2026-02-21 05:55:00,2026-02-21 06:00:00,2026-02-21 07:55:00,262.78,262.76,260.95,262.8029418945313,8.730456857932722e-05,-0.006964000304437112,0.4,-1,False,0.006888415283909266,0.005488415283909266,0.007100754529723252,outputs/crypto_prediction_reviews/zec_5m/signals/0076_20260221_055500.png
zec_5m,77,2026-02-21 13:55:00,2026-02-21 14:00:00,2026-02-21 15:55:00,260.76,260.74,259.98,259.2059326171875,-0.005959761400569441,-0.00299125632765751,0.0,-1,True,0.0029147810079005465,0.0015147810079005465,0.0029774112732230407,outputs/crypto_prediction_reviews/zec_5m/signals/0077_20260221_135500.png
zec_5m,78,2026-02-21 21:55:00,2026-02-21 22:00:00,2026-02-21 23:55:00,262.42,262.41,259.92,262.45775146484374,0.0001438589468932827,-0.009526712902979906,0.6,1,False,-0.009488967646050117,-0.010888967646050117,0.009763586737625785,outputs/crypto_prediction_reviews/zec_5m/signals/0078_20260221_215500.png
zec_5m,79,2026-02-22 05:55:00,2026-02-22 06:00:00,2026-02-22 07:55:00,254.3,254.29,253.92,256.0120910644531,0.006732564154357523,-0.001494298073142053,0.8,1,False,-0.0014550316567698562,-0.0028550316567698564,0.008239174009345929,outputs/crypto_prediction_reviews/zec_5m/signals/0079_20260222_055500.png
zec_5m,80,2026-02-22 13:55:00,2026-02-22 14:00:00,2026-02-22 15:55:00,248.9,248.9,246.41,248.03392944335937,-0.0034795924332689187,-0.010004017677782251,0.4,-1,True,0.010004017677782251,0.00860401767778225,0.0065903552751891414,outputs/crypto_prediction_reviews/zec_5m/signals/0080_20260222_135500.png
zec_5m,81,2026-02-22 21:55:00,2026-02-22 22:00:00,2026-02-22 23:55:00,245.29,245.28,244.64,243.526318359375,-0.007190189737147845,-0.0026499245790696513,0.0,-1,True,0.002609262883235597,0.0012092628832355969,0.004552328485223134,outputs/crypto_prediction_reviews/zec_5m/signals/0081_20260222_215500.png
zec_5m,82,2026-02-23 05:55:00,2026-02-23 06:00:00,2026-02-23 07:55:00,238.65,238.66,244.96,238.0057586669922,-0.002699523708392282,0.026440393882254387,0.2,-1,False,-0.0263973854018269,-0.0277973854018269,0.028389293488764733,outputs/crypto_prediction_reviews/zec_5m/signals/0082_20260223_055500.png
zec_5m,83,2026-02-23 13:55:00,2026-02-23 14:00:00,2026-02-23 15:55:00,246.98,247.0,244.17,247.31209411621094,0.0013446194680174495,-0.01137743946878289,0.6,1,False,-0.01145748987854256,-0.01285748987854256,0.012868469165790097,outputs/crypto_prediction_reviews/zec_5m/signals/0083_20260223_135500.png
zec_5m,84,2026-02-23 21:55:00,2026-02-23 22:00:00,2026-02-23 23:55:00,239.45,239.38,237.56,236.83577880859374,-0.010917607815436358,-0.007893088327416975,0.2,-1,True,0.007602974350405134,0.006202974350405134,0.003048582216729545,outputs/crypto_prediction_reviews/zec_5m/signals/0084_20260223_215500.png
zec_5m,85,2026-02-24 05:55:00,2026-02-24 06:00:00,2026-02-24 07:55:00,232.27,232.26,233.04,232.1993408203125,-0.00030421139056922006,0.0033151074180910456,0.2,-1,False,-0.0033583053474555147,-0.004758305347455515,0.0036073600226892433,outputs/crypto_prediction_reviews/zec_5m/signals/0085_20260224_055500.png
zec_5m,86,2026-02-24 13:55:00,2026-02-24 14:00:00,2026-02-24 15:55:00,233.68,233.66,238.8,232.81559143066406,-0.0036991123302633653,0.02191030469017452,0.4,-1,False,-0.021997774544209703,-0.0233977745442097,0.02506033739252911,outputs/crypto_prediction_reviews/zec_5m/signals/0086_20260224_135500.png
zec_5m,87,2026-02-24 21:55:00,2026-02-24 22:00:00,2026-02-24 23:55:00,244.74,244.7,242.78,244.464794921875,-0.0011244793581965062,-0.008008498815069043,0.4,-1,True,0.007846342460155253,0.006446342460155253,0.0069395951967832215,outputs/crypto_prediction_reviews/zec_5m/signals/0087_20260224_215500.png
zec_5m,88,2026-02-25 05:55:00,2026-02-25 06:00:00,2026-02-25 07:55:00,237.15,237.14,235.87,236.89266357421874,-0.0010851209183269984,-0.005397427788319642,0.6,1,True,-0.005355486210677163,-0.006755486210677163,0.004335708543768746,outputs/crypto_prediction_reviews/zec_5m/signals/0088_20260225_055500.png
zec_5m,89,2026-02-25 13:55:00,2026-02-25 14:00:00,2026-02-25 15:55:00,242.94,242.95,248.04,243.2124481201172,0.0011214625838362746,0.0209928377377131,0.6,1,True,0.020950812924469986,0.019550812924469987,0.01946279583890831,outputs/crypto_prediction_reviews/zec_5m/signals/0089_20260225_135500.png
zec_5m,90,2026-02-25 21:55:00,2026-02-25 22:00:00,2026-02-25 23:55:00,257.07,257.16,244.21,256.0134002685547,-0.0041101635019461956,-0.05002528494184455,0.2,-1,True,0.05035775392751596,0.04895775392751596,0.048332993196653184,outputs/crypto_prediction_reviews/zec_5m/signals/0090_20260225_215500.png
zec_5m,91,2026-02-26 05:55:00,2026-02-26 06:00:00,2026-02-26 07:55:00,248.5,248.56,248.94,249.0042755126953,0.0020292777170837217,0.0017706237424546245,0.8,1,True,0.0015288059221112427,0.00012880592211124268,0.0002581968052353112,outputs/crypto_prediction_reviews/zec_5m/signals/0091_20260226_055500.png
zec_5m,92,2026-02-26 13:55:00,2026-02-26 14:00:00,2026-02-26 15:55:00,243.15,243.14,241.2,242.5451446533203,-0.0024875811091083166,-0.008019740900678696,0.2,-1,True,0.007978942173233472,0.006578942173233472,0.005576884964014539,outputs/crypto_prediction_reviews/zec_5m/signals/0092_20260226_135500.png
zec_5m,93,2026-02-26 21:55:00,2026-02-26 22:00:00,2026-02-26 23:55:00,238.44,238.45,238.96,238.31064453125,-0.0005425074180086975,0.0021808421405804523,0.2,-1,False,-0.002138813168379272,-0.0035388131683792724,0.0027174232873702353,outputs/crypto_prediction_reviews/zec_5m/signals/0093_20260226_215500.png
zec_5m,94,2026-02-27 05:55:00,2026-02-27 06:00:00,2026-02-27 07:55:00,241.73,241.74,238.5,241.37454833984376,-0.0014704490967452966,-0.013362015471807376,0.6,1,True,-0.013402829486224954,-0.014802829486224954,0.012052613584250471,outputs/crypto_prediction_reviews/zec_5m/signals/0094_20260227_055500.png
zec_5m,95,2026-02-27 13:55:00,2026-02-27 14:00:00,2026-02-27 15:55:00,226.28,226.29,223.59,225.12706604003907,-0.005095165105006805,-0.011887926462789467,0.2,-1,True,0.011931592204693087,0.010531592204693086,0.006874484726683061,outputs/crypto_prediction_reviews/zec_5m/signals/0095_20260227_135500.png
zec_5m,96,2026-02-27 21:55:00,2026-02-27 22:00:00,2026-02-27 23:55:00,217.84,217.85,219.35,216.66354064941407,-0.005400566243967786,0.006931692985677529,0.2,-1,False,-0.0068854716548083506,-0.00828547165480835,0.012247364260706273,outputs/crypto_prediction_reviews/zec_5m/signals/0096_20260227_215500.png
zec_5m,97,2026-02-28 05:55:00,2026-02-28 06:00:00,2026-02-28 07:55:00,219.48,219.4,208.62,220.6234161376953,0.005209659821830326,-0.04948059048660469,0.6,1,False,-0.04913400182315408,-0.05053400182315408,0.057537226237634354,outputs/crypto_prediction_reviews/zec_5m/signals/0097_20260228_055500.png
zec_5m,98,2026-02-28 13:55:00,2026-02-28 14:00:00,2026-02-28 15:55:00,212.57,212.58,210.02,209.95941162109375,-0.01228107625208752,-0.011996048360540024,0.2,-1,True,0.012042525166995999,0.010642525166995999,0.0002884886149235877,outputs/crypto_prediction_reviews/zec_5m/signals/0098_20260228_135500.png
zec_5m,99,2026-02-28 21:55:00,2026-02-28 22:00:00,2026-02-28 23:55:00,218.73,218.76,220.27,218.2711181640625,-0.00209793734712882,0.007040643715996886,0.4,-1,False,-0.006902541598098555,-0.008302541598098555,0.009074689408169578,outputs/crypto_prediction_reviews/zec_5m/signals/0099_20260228_215500.png
zec_5m,100,2026-03-01 05:55:00,2026-03-01 06:00:00,2026-03-01 07:55:00,229.0,229.01,225.7,229.60140380859374,0.002626217504776207,-0.014410480349345,0.6,1,False,-0.014453517313654407,-0.015853517313654406,0.017285794455444092,outputs/crypto_prediction_reviews/zec_5m/signals/0100_20260301_055500.png
zec_5m,101,2026-03-01 13:55:00,2026-03-01 14:00:00,2026-03-01 15:55:00,223.51,223.54,220.34,223.66067199707032,0.0006741174760427793,-0.014182810612500485,0.4,-1,False,0.0143151113894604,0.0129151113894604,0.01507067258359962,outputs/crypto_prediction_reviews/zec_5m/signals/0101_20260301_135500.png
zec_5m,102,2026-03-01 21:55:00,2026-03-01 22:00:00,2026-03-01 23:55:00,214.97,214.98,213.38,214.82732238769532,-0.0006637094120327536,-0.0073963808903567685,0.4,-1,True,0.007442552795608903,0.006042552795608903,0.006782839946083641,outputs/crypto_prediction_reviews/zec_5m/signals/0102_20260301_215500.png
zec_5m,103,2026-03-02 05:55:00,2026-03-02 06:00:00,2026-03-02 07:55:00,216.05,216.06,212.82,216.52315673828124,0.0021900335028060434,-0.014950242999305807,0.6,1,False,-0.014995834490419413,-0.01639583449041941,0.017400416964012955,outputs/crypto_prediction_reviews/zec_5m/signals/0103_20260302_055500.png
zec_5m,104,2026-03-02 13:55:00,2026-03-02 14:00:00,2026-03-02 15:55:00,212.75,212.75,223.16,212.12649841308593,-0.0029306772592905483,0.04893066980023497,0.4,-1,False,-0.04893066980023497,-0.05033066980023497,0.04944211143087507,outputs/crypto_prediction_reviews/zec_5m/signals/0104_20260302_135500.png
zec_5m,105,2026-03-02 21:55:00,2026-03-02 22:00:00,2026-03-02 23:55:00,222.7,222.72,223.85,223.05984497070312,0.0016158283372390114,0.005163897620116709,0.6,1,True,0.00507363505747116,0.0036736350574711595,0.0035298415425368823,outputs/crypto_prediction_reviews/zec_5m/signals/0105_20260302_215500.png
zec_5m,106,2026-03-03 05:55:00,2026-03-03 06:00:00,2026-03-03 07:55:00,219.32,219.28,221.22,221.80620422363282,0.011335966731865854,0.008663140616450793,1.0,1,True,0.00884713608172194,0.00744713608172194,0.0026498699196855213,outputs/crypto_prediction_reviews/zec_5m/signals/0106_20260303_055500.png
zec_5m,107,2026-03-03 13:55:00,2026-03-03 14:00:00,2026-03-03 15:55:00,214.43,214.38,216.46,214.83965759277345,0.0019104490639062944,0.009466958914331025,0.6,1,True,0.00970239761171765,0.00830239761171765,0.007485643570297351,outputs/crypto_prediction_reviews/zec_5m/signals/0107_20260303_135500.png
zec_5m,108,2026-03-03 21:55:00,2026-03-03 22:00:00,2026-03-03 23:55:00,216.71,216.71,220.93,216.88552551269532,0.0008099557597494699,0.01947302847122878,0.6,1,True,0.01947302847122878,0.018073028471228783,0.018306588002103275,outputs/crypto_prediction_reviews/zec_5m/signals/0108_20260303_215500.png
zec_5m,109,2026-03-04 05:55:00,2026-03-04 06:00:00,2026-03-04 07:55:00,217.61,217.58,222.28,218.8294464111328,0.005603816052262367,0.021460410826708243,0.8,1,True,0.021601250114900106,0.020201250114900107,0.01552345505158892,outputs/crypto_prediction_reviews/zec_5m/signals/0109_20260304_055500.png
zec_5m,110,2026-03-04 13:55:00,2026-03-04 14:00:00,2026-03-04 15:55:00,235.68,235.67,240.92,234.69932861328124,-0.0041610293054937355,0.022233536999320958,0.2,-1,False,-0.022276912632070323,-0.02367691263207032,0.025820485583259,outputs/crypto_prediction_reviews/zec_5m/signals/0110_20260304_135500.png
zec_5m,111,2026-03-04 21:55:00,2026-03-04 22:00:00,2026-03-04 23:55:00,249.12,249.08,243.52,246.88665466308595,-0.008964937929166972,-0.02247912652536932,0.4,-1,True,0.022322145495423218,0.02092214549542322,0.013824961658532864,outputs/crypto_prediction_reviews/zec_5m/signals/0111_20260304_215500.png
zec_5m,112,2026-03-05 05:55:00,2026-03-05 06:00:00,2026-03-05 07:55:00,236.14,236.19,234.91,236.8030548095703,0.0028078885812243604,-0.005208774455831233,0.6,1,False,-0.005419365764850359,-0.006819365764850359,0.008058638668299922,outputs/crypto_prediction_reviews/zec_5m/signals/0112_20260305_055500.png
zec_5m,113,2026-03-05 13:55:00,2026-03-05 14:00:00,2026-03-05 15:55:00,232.24,232.23,231.98,230.80533752441406,-0.006177499464286718,-0.0011195315191182553,0.4,-1,True,0.0010765189682642173,-0.00032348103173578265,0.005063636846219244,outputs/crypto_prediction_reviews/zec_5m/signals/0113_20260305_135500.png
zec_5m,114,2026-03-05 21:55:00,2026-03-05 22:00:00,2026-03-05 23:55:00,229.75,229.8,226.48,227.87933654785155,-0.008142169541451305,-0.014232861806311226,0.0,-1,True,0.014447345517841659,0.013047345517841659,0.006178631878539287,outputs/crypto_prediction_reviews/zec_5m/signals/0114_20260305_215500.png
zec_5m,115,2026-03-06 05:55:00,2026-03-06 06:00:00,2026-03-06 07:55:00,226.78,226.73,226.05,225.6336212158203,-0.0050550259466429544,-0.0032189787459211416,0.2,-1,True,0.002999161998853195,0.0015991619988531948,0.0018419764838739638,outputs/crypto_prediction_reviews/zec_5m/signals/0115_20260306_055500.png
zec_5m,116,2026-03-06 13:55:00,2026-03-06 14:00:00,2026-03-06 15:55:00,216.77,216.79,211.92,216.69532165527343,-0.0003445049809778666,-0.022373944734049966,0.6,1,True,-0.02246413579962181,-0.023864135799621808,0.022533605394835066,outputs/crypto_prediction_reviews/zec_5m/signals/0116_20260306_135500.png
zec_5m,117,2026-03-06 21:55:00,2026-03-06 22:00:00,2026-03-06 23:55:00,211.44,211.41,210.1,208.76854858398437,-0.012634560234655812,-0.006337495270525961,0.2,-1,True,0.006196490232250107,0.004796490232250107,0.006337227110973953,outputs/crypto_prediction_reviews/zec_5m/signals/0117_20260306_215500.png
zec_5m,118,2026-03-07 05:55:00,2026-03-07 06:00:00,2026-03-07 07:55:00,209.18,209.17,207.88,207.33769836425782,-0.008807255166565598,-0.006214743283296742,0.0,-1,True,0.0061672323947028485,0.004767232394702848,0.0026087244359350725,outputs/crypto_prediction_reviews/zec_5m/signals/0118_20260307_055500.png
zec_5m,119,2026-03-07 13:55:00,2026-03-07 14:00:00,2026-03-07 15:55:00,207.94,207.94,206.72,207.2418670654297,-0.0033573768133611016,-0.005867077041454283,0.4,-1,True,0.005867077041454283,0.004467077041454283,0.00252451173292223,outputs/crypto_prediction_reviews/zec_5m/signals/0119_20260307_135500.png
zec_5m,120,2026-03-07 21:55:00,2026-03-07 22:00:00,2026-03-07 23:55:00,200.88,200.88,197.25,200.59360961914064,-0.001425678917061779,-0.0180704898446834,0.4,-1,True,0.0180704898446834,0.016670489844683403,0.016951126079293388,outputs/crypto_prediction_reviews/zec_5m/signals/0120_20260307_215500.png
zec_5m,121,2026-03-08 05:55:00,2026-03-08 06:00:00,2026-03-08 07:55:00,194.56,194.56,195.47,194.3862548828125,-0.0008930156105443343,0.004677220394736725,0.4,-1,False,-0.004677220394736725,-0.0060772203947367254,0.005544304073195394,outputs/crypto_prediction_reviews/zec_5m/signals/0121_20260308_055500.png
zec_5m,122,2026-03-08 13:55:00,2026-03-08 14:00:00,2026-03-08 15:55:00,197.78,197.76,196.69,197.2045684814453,-0.002909452515697719,-0.005511174031752497,0.4,-1,True,0.005410598705501535,0.0040105987055015346,0.002616139516220084,outputs/crypto_prediction_reviews/zec_5m/signals/0122_20260308_135500.png
zec_5m,123,2026-03-08 21:55:00,2026-03-08 22:00:00,2026-03-08 23:55:00,200.81,200.81,197.9,201.2283203125,0.002083164745281629,-0.014491310193715412,0.6,1,False,-0.014491310193715412,-0.01589131019371541,0.01681819258463868,outputs/crypto_prediction_reviews/zec_5m/signals/0123_20260308_215500.png
zec_5m,124,2026-03-09 05:55:00,2026-03-09 06:00:00,2026-03-09 07:55:00,207.41,207.42,204.55,208.18604125976563,0.0037415807326822703,-0.013789113350368809,0.4,-1,False,0.013836659917076388,0.012436659917076388,0.017775806696483043,outputs/crypto_prediction_reviews/zec_5m/signals/0124_20260309_055500.png
zec_5m,125,2026-03-09 13:55:00,2026-03-09 14:00:00,2026-03-09 15:55:00,214.18,214.18,214.98,215.84859619140624,0.007790625601859391,0.003735176020169817,0.8,1,True,0.003735176020169817,0.0023351760201698168,0.00404035813287873,outputs/crypto_prediction_reviews/zec_5m/signals/0125_20260309_135500.png
zec_5m,126,2026-03-09 21:55:00,2026-03-09 22:00:00,2026-03-09 23:55:00,216.46,216.4,214.52,218.05657958984375,0.0073758643160110274,-0.008962394899750481,0.6,1,False,-0.008687615526802195,-0.010087615526802195,0.016486013377977615,outputs/crypto_prediction_reviews/zec_5m/signals/0126_20260309_215500.png
zec_5m,127,2026-03-10 05:55:00,2026-03-10 06:00:00,2026-03-10 07:55:00,219.14,219.16,220.26,221.35460815429687,0.010105905605078425,0.005110888016792936,0.6,1,True,0.005019164081036642,0.003619164081036642,0.0049696184250289654,outputs/crypto_prediction_reviews/zec_5m/signals/0127_20260310_055500.png
zec_5m,128,2026-03-10 13:55:00,2026-03-10 14:00:00,2026-03-10 15:55:00,223.12,223.1,227.02,225.0582733154297,0.0086871338984837,0.017479383291502337,1.0,1,True,0.01757059614522638,0.016170596145226382,0.008641206433663617,outputs/crypto_prediction_reviews/zec_5m/signals/0128_20260310_135500.png
zec_5m,129,2026-03-10 21:55:00,2026-03-10 22:00:00,2026-03-10 23:55:00,220.94,220.88,222.64,221.75006103515625,0.0036664299590669193,0.007694396668778802,0.6,1,True,0.007968127490039834,0.006568127490039833,0.0039972105858953055,outputs/crypto_prediction_reviews/zec_5m/signals/0129_20260310_215500.png
zec_5m,130,2026-03-11 05:55:00,2026-03-11 06:00:00,2026-03-11 07:55:00,213.71,213.73,213.64,213.55526428222657,-0.0007240452846073886,-0.00032754667540135785,0.4,-1,True,0.00042109203200302314,-0.0009789079679969768,0.0003966285235602607,outputs/crypto_prediction_reviews/zec_5m/signals/0130_20260311_055500.png
zec_5m,131,2026-03-11 13:55:00,2026-03-11 14:00:00,2026-03-11 15:55:00,213.54,213.52,211.12,211.80608215332032,-0.008119873778587982,-0.011332771377727813,0.2,-1,True,0.011240164855751189,0.009840164855751189,0.0032497260009487494,outputs/crypto_prediction_reviews/zec_5m/signals/0131_20260311_135500.png
zec_5m,132,2026-03-11 21:55:00,2026-03-11 22:00:00,2026-03-11 23:55:00,214.06,214.09,212.87,214.5278106689453,0.0021854184291568044,-0.005559189012426358,0.6,1,False,-0.005698537998038211,-0.007098537998038211,0.007787901860033308,outputs/crypto_prediction_reviews/zec_5m/signals/0132_20260311_215500.png
zec_5m,133,2026-03-12 05:55:00,2026-03-12 06:00:00,2026-03-12 07:55:00,205.62,205.63,208.03,204.90778503417968,-0.0034637436330138714,0.01172064974224285,0.6,1,False,0.011671448718572286,0.010271448718572286,0.015008484188916649,outputs/crypto_prediction_reviews/zec_5m/signals/0133_20260312_055500.png
zec_5m,134,2026-03-12 13:55:00,2026-03-12 14:00:00,2026-03-12 15:55:00,210.88,210.95,208.65,210.53217468261718,-0.0016493992668000779,-0.01057473444613044,0.6,1,True,-0.01090305759658683,-0.01230305759658683,0.00902072697156564,outputs/crypto_prediction_reviews/zec_5m/signals/0134_20260312_135500.png
zec_5m,135,2026-03-12 21:55:00,2026-03-12 22:00:00,2026-03-12 23:55:00,209.18,209.16,208.47,209.28347473144532,0.0004946683786466455,-0.0033942059470313257,0.4,-1,False,0.003298909925415927,0.001898909925415927,0.0039021189209254015,outputs/crypto_prediction_reviews/zec_5m/signals/0135_20260312_215500.png
zec_5m,136,2026-03-13 05:55:00,2026-03-13 06:00:00,2026-03-13 07:55:00,212.99,212.99,211.04,212.3916015625,-0.002809514237757704,-0.009155359406544994,0.2,-1,True,0.009155359406544994,0.007755359406544994,0.006404480489480724,outputs/crypto_prediction_reviews/zec_5m/signals/0136_20260313_055500.png
zec_5m,137,2026-03-13 13:55:00,2026-03-13 14:00:00,2026-03-13 15:55:00,219.79,219.75,213.28,218.8050048828125,-0.004481528355191266,-0.02961918194640334,0.6,1,True,-0.029442548350398168,-0.030842548350398166,0.02590493662233917,outputs/crypto_prediction_reviews/zec_5m/signals/0137_20260313_135500.png
zec_5m,138,2026-03-13 21:55:00,2026-03-13 22:00:00,2026-03-13 23:55:00,209.76,209.75,208.22,209.1241882324219,-0.003031139242839975,-0.007341723874904615,0.4,-1,True,0.007294398092967835,0.005894398092967835,0.004342465817029462,outputs/crypto_prediction_reviews/zec_5m/signals/0138_20260313_215500.png
zec_5m,139,2026-03-14 05:55:00,2026-03-14 06:00:00,2026-03-14 07:55:00,210.04,210.04,206.56,210.84427795410156,0.0038291656546447063,-0.016568272709959975,0.8,1,False,-0.016568272709959975,-0.017968272709959973,0.020741082271986677,outputs/crypto_prediction_reviews/zec_5m/signals/0139_20260314_055500.png
zec_5m,140,2026-03-14 13:55:00,2026-03-14 14:00:00,2026-03-14 15:55:00,209.39,209.4,209.23,209.53622131347657,0.000698320423499621,-0.0007641243612397375,0.6,1,False,-0.0008118433619866972,-0.0022118433619866974,0.0014635631289805495,outputs/crypto_prediction_reviews/zec_5m/signals/0140_20260314_135500.png
zec_5m,141,2026-03-14 21:55:00,2026-03-14 22:00:00,2026-03-14 23:55:00,211.66,211.68,213.18,211.14923706054688,-0.0024131292613300825,0.007181328545780907,0.2,-1,False,-0.007086167800453458,-0.008486167800453458,0.009526048125776954,outputs/crypto_prediction_reviews/zec_5m/signals/0141_20260314_215500.png
zec_5m,142,2026-03-15 05:55:00,2026-03-15 06:00:00,2026-03-15 07:55:00,227.23,227.19,225.35,230.3324432373047,0.013653317067749438,-0.008273555428420565,1.0,1,False,-0.008098948017078222,-0.009498948017078223,0.022109799144906628,outputs/crypto_prediction_reviews/zec_5m/signals/0142_20260315_055500.png
zec_5m,143,2026-03-15 13:55:00,2026-03-15 14:00:00,2026-03-15 15:55:00,225.65,225.64,227.5,225.78844299316407,0.0006135297724974897,0.008198537558165242,0.4,-1,True,-0.008243219287360493,-0.009643219287360493,0.007523327502575561,outputs/crypto_prediction_reviews/zec_5m/signals/0143_20260315_135500.png
zec_5m,144,2026-03-15 21:55:00,2026-03-15 22:00:00,2026-03-15 23:55:00,233.01,233.01,229.66,231.87036743164063,-0.004890916992229366,-0.014377065362001562,0.2,-1,True,0.014377065362001562,0.012977065362001562,0.009624520733434894,outputs/crypto_prediction_reviews/zec_5m/signals/0144_20260315_215500.png
zec_5m,145,2026-03-16 05:55:00,2026-03-16 06:00:00,2026-03-16 07:55:00,236.45,236.39,234.16,236.0264862060547,-0.0017911346751757317,-0.00968492281666311,0.4,-1,True,0.009433563179491511,0.00803356317949151,0.007970986530811075,outputs/crypto_prediction_reviews/zec_5m/signals/0145_20260316_055500.png
zec_5m,146,2026-03-16 13:55:00,2026-03-16 14:00:00,2026-03-16 15:55:00,231.44,231.46,234.92,231.85543823242188,0.0017950148307202206,0.015036294503975034,0.8,1,True,0.014948587228894805,0.013548587228894805,0.013045129267742706,outputs/crypto_prediction_reviews/zec_5m/signals/0146_20260316_135500.png
zec_5m,147,2026-03-16 21:55:00,2026-03-16 22:00:00,2026-03-16 23:55:00,282.41,282.51,276.87,279.5619384765625,-0.010084846582760987,-0.01961686909103788,0.2,-1,True,0.01996389508335983,0.01856389508335983,0.009722752470699092,outputs/crypto_prediction_reviews/zec_5m/signals/0147_20260316_215500.png
zec_5m,148,2026-03-17 05:55:00,2026-03-17 06:00:00,2026-03-17 07:55:00,269.98,270.0,268.49,272.368603515625,0.008847335045651472,-0.005518927327950229,0.8,1,False,-0.0055925925925925934,-0.006992592592592594,0.01444598873561409,outputs/crypto_prediction_reviews/zec_5m/signals/0148_20260317_055500.png
zec_5m,149,2026-03-17 13:55:00,2026-03-17 14:00:00,2026-03-17 15:55:00,267.21,267.2,268.96,262.856494140625,-0.016292451103532724,0.006549156094457498,0.6,1,False,0.006586826347305452,0.005186826347305452,0.02269298728203073,outputs/crypto_prediction_reviews/zec_5m/signals/0149_20260317_135500.png
zec_5m,150,2026-03-17 21:55:00,2026-03-17 22:00:00,2026-03-17 23:55:00,275.34,275.33,272.64,276.7910888671875,0.005270170942062657,-0.009806057964698134,0.6,1,False,-0.009770094068935475,-0.011170094068935476,0.015225531349719601,outputs/crypto_prediction_reviews/zec_5m/signals/0150_20260317_215500.png
zec_5m,151,2026-03-18 05:55:00,2026-03-18 06:00:00,2026-03-18 07:55:00,277.05,277.09,276.95,276.32786865234374,-0.0026065018865051525,-0.00036094567767563923,0.6,1,True,-0.0005052510014795786,-0.0019052510014795786,0.0022463670252979018,outputs/crypto_prediction_reviews/zec_5m/signals/0151_20260318_055500.png
zec_5m,152,2026-03-18 13:55:00,2026-03-18 14:00:00,2026-03-18 15:55:00,259.58,259.59,256.33,259.3930236816406,-0.0007203032527905107,-0.012520224978811889,0.2,-1,True,0.01255826495627721,0.01115826495627721,0.011949532562090415,outputs/crypto_prediction_reviews/zec_5m/signals/0152_20260318_135500.png
zec_5m,153,2026-03-18 21:55:00,2026-03-18 22:00:00,2026-03-18 23:55:00,250.35,250.35,248.71,250.74599609375,0.001581769897144003,-0.006550828839624434,0.6,1,False,-0.006550828839624434,-0.007950828839624434,0.008186225297535321,outputs/crypto_prediction_reviews/zec_5m/signals/0153_20260318_215500.png
zec_5m,154,2026-03-19 05:55:00,2026-03-19 06:00:00,2026-03-19 07:55:00,246.05,245.96,244.44,243.1790313720703,-0.01166823258658689,-0.00654338549075395,0.4,-1,True,0.006179866644982934,0.004779866644982934,0.005158601816109054,outputs/crypto_prediction_reviews/zec_5m/signals/0154_20260319_055500.png
zec_5m,155,2026-03-19 13:55:00,2026-03-19 14:00:00,2026-03-19 15:55:00,240.28,240.31,235.47,234.8482696533203,-0.022605836302146208,-0.020018311969369096,0.2,-1,True,0.020140651658274722,0.018740651658274723,0.0026403802891226125,outputs/crypto_prediction_reviews/zec_5m/signals/0155_20260319_135500.png
zec_5m,156,2026-03-19 21:55:00,2026-03-19 22:00:00,2026-03-19 23:55:00,239.62,239.65,234.66,238.5764129638672,-0.004355175010987455,-0.020699440781236977,0.2,-1,True,0.02082203213018985,0.01942203213018985,0.016689733929375228,outputs/crypto_prediction_reviews/zec_5m/signals/0156_20260319_215500.png
zec_5m,157,2026-03-20 05:55:00,2026-03-20 06:00:00,2026-03-20 07:55:00,237.27,237.28,236.76,236.30548095703125,-0.004065069511395269,-0.0021494499936781652,0.4,-1,True,0.0021915037086985834,0.0007915037086985834,0.001919745915563209,outputs/crypto_prediction_reviews/zec_5m/signals/0157_20260320_055500.png
zec_5m,158,2026-03-20 13:55:00,2026-03-20 14:00:00,2026-03-20 15:55:00,230.42,230.44,235.0,230.30753479003906,-0.00048808788282668215,0.01987674681017282,0.4,-1,False,-0.019788231209859397,-0.021188231209859396,0.01996793706366362,outputs/crypto_prediction_reviews/zec_5m/signals/0158_20260320_135500.png
zec_5m,159,2026-03-20 21:55:00,2026-03-20 22:00:00,2026-03-20 23:55:00,235.48,235.5,234.53,234.85782470703126,-0.0026421576905416135,-0.00403431289281464,0.4,-1,True,0.0041188959660297675,0.0027188959660297673,0.0013977943420084848,outputs/crypto_prediction_reviews/zec_5m/signals/0159_20260320_215500.png
zec_5m,160,2026-03-21 05:55:00,2026-03-21 06:00:00,2026-03-21 07:55:00,232.98,232.99,232.1,233.59577026367188,0.002643017699681871,-0.0037771482530689626,0.6,1,False,-0.003819906433752629,-0.005219906433752629,0.0064445078141830425,outputs/crypto_prediction_reviews/zec_5m/signals/0160_20260321_055500.png
zec_5m,161,2026-03-21 13:55:00,2026-03-21 14:00:00,2026-03-21 15:55:00,232.89,232.9,232.77,232.858984375,-0.00013317714371585687,-0.0005152647172483871,0.6,1,True,-0.0005581794761699843,-0.0019581794761699845,0.0003822845512737594,outputs/crypto_prediction_reviews/zec_5m/signals/0161_20260321_135500.png
zec_5m,162,2026-03-21 21:55:00,2026-03-21 22:00:00,2026-03-21 23:55:00,231.16,231.13,219.79,231.45623474121095,0.0012815138484639555,-0.04918671050354739,0.6,1,False,-0.049063297711244735,-0.050463297711244734,0.05307900605674032,outputs/crypto_prediction_reviews/zec_5m/signals/0162_20260321_215500.png
zec_5m,163,2026-03-22 05:55:00,2026-03-22 06:00:00,2026-03-22 07:55:00,219.04,219.04,218.95,218.87676696777345,-0.0007452201982586004,-0.00041088385682985784,0.4,-1,True,0.00041088385682985784,-0.0009891161431701421,0.000334473771301802,outputs/crypto_prediction_reviews/zec_5m/signals/0163_20260322_055500.png
zec_5m,164,2026-03-22 13:55:00,2026-03-22 14:00:00,2026-03-22 15:55:00,219.81,219.81,220.02,219.05400390625,-0.003439316199217535,0.0009553705472908902,0.2,-1,False,-0.0009553705472908902,-0.0023553705472908904,0.004390492199572882,outputs/crypto_prediction_reviews/zec_5m/signals/0164_20260322_135500.png
zec_5m,165,2026-03-22 21:55:00,2026-03-22 22:00:00,2026-03-22 23:55:00,216.57,216.64,217.37,214.75298156738282,-0.008389982142573693,0.0036939557648798527,0.0,-1,False,-0.003369645494830209,-0.004769645494830209,0.01203946465757555,outputs/crypto_prediction_reviews/zec_5m/signals/0165_20260322_215500.png
zec_5m,166,2026-03-23 05:55:00,2026-03-23 06:00:00,2026-03-23 07:55:00,224.78,224.78,218.54,223.958984375,-0.003652529695702467,-0.027760476910757226,0.2,-1,True,0.027760476910757226,0.026360476910757227,0.02479630445227432,outputs/crypto_prediction_reviews/zec_5m/signals/0166_20260323_055500.png
zec_5m,167,2026-03-23 13:55:00,2026-03-23 14:00:00,2026-03-23 15:55:00,233.44,233.48,228.41,233.23536376953126,-0.0008766116795268398,-0.021547292666209694,0.4,-1,True,0.02171492204899772,0.02031492204899772,0.021125886649145276,outputs/crypto_prediction_reviews/zec_5m/signals/0167_20260323_135500.png
zec_5m,168,2026-03-23 21:55:00,2026-03-23 22:00:00,2026-03-23 23:55:00,228.52,228.53,228.53,229.34062805175782,0.0035910557139760433,4.375984596527438e-05,0.8,1,True,0.0,-0.0014,0.0035471406456824006,outputs/crypto_prediction_reviews/zec_5m/signals/0168_20260323_215500.png
zec_5m,169,2026-03-24 05:55:00,2026-03-24 06:00:00,2026-03-24 07:55:00,226.16,226.16,232.35,227.09149475097655,0.004118742266433317,0.027370003537318777,0.8,1,True,0.027370003537318777,0.025970003537318778,0.022631828056911774,outputs/crypto_prediction_reviews/zec_5m/signals/0169_20260324_055500.png
zec_5m,170,2026-03-24 13:55:00,2026-03-24 14:00:00,2026-03-24 15:55:00,226.18,226.18,225.74,225.67499084472655,-0.00223277546765166,-0.0019453532584666755,0.4,-1,True,0.0019453532584666755,0.0005453532584666755,0.0002879824367566508,outputs/crypto_prediction_reviews/zec_5m/signals/0170_20260324_135500.png
zec_5m,171,2026-03-24 21:55:00,2026-03-24 22:00:00,2026-03-24 23:55:00,238.72,238.72,242.09,238.14920654296876,-0.0023910583823360198,0.014116957104557626,0.2,-1,False,-0.014116957104557626,-0.015516957104557626,0.01627821660139306,outputs/crypto_prediction_reviews/zec_5m/signals/0171_20260324_215500.png
zec_5m,172,2026-03-25 05:55:00,2026-03-25 06:00:00,2026-03-25 07:55:00,237.99,238.0,236.93,238.4008026123047,0.0017261339228735295,-0.004453968654145157,0.6,1,False,-0.004495798319327671,-0.005895798319327671,0.006207751708541265,outputs/crypto_prediction_reviews/zec_5m/signals/0172_20260325_055500.png
zec_5m,173,2026-03-25 13:55:00,2026-03-25 14:00:00,2026-03-25 15:55:00,235.86,235.87,236.06,235.072021484375,-0.00334087388970159,0.0008479606546256679,0.6,1,False,0.0008055284690720033,-0.0005944715309279967,0.004185285586821186,outputs/crypto_prediction_reviews/zec_5m/signals/0173_20260325_135500.png
zec_5m,174,2026-03-25 21:55:00,2026-03-25 22:00:00,2026-03-25 23:55:00,230.83,230.84,231.89,230.19298095703124,-0.00275968913472584,0.004592124073993675,0.6,1,False,0.004548605094437663,0.003148605094437663,0.0073182070937459764,outputs/crypto_prediction_reviews/zec_5m/signals/0174_20260325_215500.png
zec_5m,175,2026-03-26 05:55:00,2026-03-26 06:00:00,2026-03-26 07:55:00,226.14,226.11,225.18,226.40451049804688,0.0011696758558719545,-0.004245157866808125,0.6,1,False,-0.004113042324532357,-0.005513042324532357,0.0054379185453719,outputs/crypto_prediction_reviews/zec_5m/signals/0175_20260326_055500.png
zec_5m,176,2026-03-26 13:55:00,2026-03-26 14:00:00,2026-03-26 15:55:00,224.14,224.1,220.67,220.80230102539062,-0.014891134891627366,-0.015481395556348754,0.0,-1,True,0.015305667112896049,0.013905667112896048,0.000599542418047827,outputs/crypto_prediction_reviews/zec_5m/signals/0176_20260326_135500.png
zec_5m,177,2026-03-26 21:55:00,2026-03-26 22:00:00,2026-03-26 23:55:00,223.13,223.12,222.12,222.32211303710938,-0.0036207007703608516,-0.004526509209877627,0.2,-1,True,0.004481893151667249,0.0030818931516672487,0.0009099272335195696,outputs/crypto_prediction_reviews/zec_5m/signals/0177_20260326_215500.png
zec_5m,178,2026-03-27 05:55:00,2026-03-27 06:00:00,2026-03-27 07:55:00,223.55,223.6,223.4,222.92278442382812,-0.0028057059994268884,-0.0006709908297920508,0.2,-1,True,0.0008944543828264262,-0.0005055456171735738,0.002136148505693325,outputs/crypto_prediction_reviews/zec_5m/signals/0178_20260327_055500.png
zec_5m,179,2026-03-27 13:55:00,2026-03-27 14:00:00,2026-03-27 15:55:00,215.67,215.64,216.52,213.8817138671875,-0.00829177044935545,0.003941206472852121,0.0,-1,False,-0.004080875533296391,-0.005480875533296391,0.012184953504583929,outputs/crypto_prediction_reviews/zec_5m/signals/0179_20260327_135500.png
zec_5m,180,2026-03-27 21:55:00,2026-03-27 22:00:00,2026-03-27 23:55:00,214.91,214.84,215.67,213.29657287597655,-0.00750745486028308,0.003536364059373742,0.2,-1,False,-0.003863340160119133,-0.005263340160119133,0.011004901581228022,outputs/crypto_prediction_reviews/zec_5m/signals/0180_20260327_215500.png
zec_5m,181,2026-03-28 05:55:00,2026-03-28 06:00:00,2026-03-28 07:55:00,213.34,213.29,220.98,213.00071716308594,-0.0015903385999533892,0.03581138089434699,0.6,1,False,0.0360541985090721,0.0346541985090721,0.03610861995164294,outputs/crypto_prediction_reviews/zec_5m/signals/0181_20260328_055500.png
zec_5m,182,2026-03-28 13:55:00,2026-03-28 14:00:00,2026-03-28 15:55:00,219.04,219.05,218.89,220.4608367919922,0.0064866544557715235,-0.000684806428049689,0.8,1,False,-0.0007304268431865824,-0.0021304268431865826,0.007176375311764849,outputs/crypto_prediction_reviews/zec_5m/signals/0182_20260328_135500.png
zec_5m,183,2026-03-28 21:55:00,2026-03-28 22:00:00,2026-03-28 23:55:00,215.45,215.48,213.59,214.51600646972656,-0.0043350825262168605,-0.008633093525179825,0.2,-1,True,0.008771115648784078,0.007371115648784078,0.004335439251493822,outputs/crypto_prediction_reviews/zec_5m/signals/0183_20260328_215500.png
zec_5m,184,2026-03-29 05:55:00,2026-03-29 06:00:00,2026-03-29 07:55:00,217.41,217.42,216.34,217.82135925292968,0.0018920898437500221,-0.004921576744399969,0.8,1,False,-0.004967344310550903,-0.006367344310550903,0.00684736642751993,outputs/crypto_prediction_reviews/zec_5m/signals/0184_20260329_055500.png
zec_5m,185,2026-03-29 13:55:00,2026-03-29 14:00:00,2026-03-29 15:55:00,214.23,214.24,214.66,214.19093017578126,-0.00018237326340264648,0.002007188535686044,0.4,-1,False,-0.0019604182225541056,-0.003360418222554106,0.002185175739395917,outputs/crypto_prediction_reviews/zec_5m/signals/0185_20260329_135500.png
zec_5m,186,2026-03-29 21:55:00,2026-03-29 22:00:00,2026-03-29 23:55:00,219.6,219.54,215.04,219.09909362792968,-0.0022809944083347577,-0.020765027322404372,0.2,-1,True,0.020497403662202762,0.019097403662202764,0.01887599343345281,outputs/crypto_prediction_reviews/zec_5m/signals/0186_20260329_215500.png
zec_5m,187,2026-03-30 05:55:00,2026-03-30 06:00:00,2026-03-30 07:55:00,224.55,224.54,230.12,225.04021911621095,0.002183117863330808,0.024805165887330283,0.8,1,True,0.024850806092455713,0.023450806092455714,0.02207448671905554,outputs/crypto_prediction_reviews/zec_5m/signals/0187_20260330_055500.png
zec_5m,188,2026-03-30 13:55:00,2026-03-30 14:00:00,2026-03-30 15:55:00,224.0,223.99,224.96,224.2391815185547,0.0010677746364048612,0.004285714285714226,0.8,1,True,0.0043305504710031695,0.0029305504710031693,0.003204207332171638,outputs/crypto_prediction_reviews/zec_5m/signals/0188_20260330_135500.png
zec_5m,189,2026-03-30 21:55:00,2026-03-30 22:00:00,2026-03-30 23:55:00,230.04,230.13,225.74,228.9993469238281,-0.004523791845643643,-0.018692401321509178,0.0,-1,True,0.019076174336244645,0.017676174336244646,0.014438499706866725,outputs/crypto_prediction_reviews/zec_5m/signals/0189_20260330_215500.png
zec_5m,190,2026-03-31 05:55:00,2026-03-31 06:00:00,2026-03-31 07:55:00,232.31,232.36,230.15,231.48137512207032,-0.0035668928497683662,-0.009297920881580657,0.2,-1,True,0.009511103460148052,0.008111103460148051,0.005784814781969683,outputs/crypto_prediction_reviews/zec_5m/signals/0190_20260331_055500.png
zec_5m,191,2026-03-31 13:55:00,2026-03-31 14:00:00,2026-03-31 15:55:00,246.36,246.39,246.29,245.51266479492188,-0.003439418757420598,-0.00028413703523311185,0.4,-1,True,0.0004058606274605081,-0.0009941393725394919,0.0031561785093918715,outputs/crypto_prediction_reviews/zec_5m/signals/0191_20260331_135500.png
zec_5m,192,2026-03-31 21:55:00,2026-03-31 22:00:00,2026-03-31 23:55:00,251.25,251.22,248.51,252.56490478515624,0.005233451881218931,-0.01090547263681596,0.8,1,False,-0.01078735769445116,-0.01218735769445116,0.016316867671949842,outputs/crypto_prediction_reviews/zec_5m/signals/0192_20260331_215500.png
zec_5m,193,2026-04-01 05:55:00,2026-04-01 06:00:00,2026-04-01 07:55:00,245.82,245.81,247.78,242.93128662109376,-0.01175133585105459,0.007973313806850513,0.0,-1,False,-0.008014320003254527,-0.009414320003254527,0.019568622886860232,outputs/crypto_prediction_reviews/zec_5m/signals/0193_20260401_055500.png
zec_5m,194,2026-04-01 13:55:00,2026-04-01 14:00:00,2026-04-01 15:55:00,241.91,241.91,243.28,240.7619659423828,-0.004745707319321979,0.005663263197056789,0.2,-1,False,-0.005663263197056789,-0.0070632631970567895,0.010350353738972418,outputs/crypto_prediction_reviews/zec_5m/signals/0194_20260401_135500.png
zec_5m,195,2026-04-01 21:55:00,2026-04-01 22:00:00,2026-04-01 23:55:00,254.54,254.52,251.4,255.66708374023438,0.004427923863575001,-0.01233597862811342,0.8,1,False,-0.012258368694012312,-0.013658368694012312,0.016973284567360247,outputs/crypto_prediction_reviews/zec_5m/signals/0195_20260401_215500.png
zec_5m,196,2026-04-02 05:55:00,2026-04-02 06:00:00,2026-04-02 07:55:00,233.62,233.64,240.18,232.02872314453126,-0.00681138967326751,0.028079787689410107,0.4,-1,False,-0.027991782229070505,-0.029391782229070504,0.033938199914517186,outputs/crypto_prediction_reviews/zec_5m/signals/0196_20260402_055500.png
zec_5m,197,2026-04-02 13:55:00,2026-04-02 14:00:00,2026-04-02 15:55:00,235.72,235.66,234.43,233.22190551757814,-0.010597719677676398,-0.005472594603767145,0.0,-1,True,0.0052193838581006124,0.0038193838581006122,0.005153327144230113,outputs/crypto_prediction_reviews/zec_5m/signals/0197_20260402_135500.png
zec_5m,198,2026-04-02 21:55:00,2026-04-02 22:00:00,2026-04-02 23:55:00,241.44,241.45,240.84,240.273779296875,-0.004830271301876255,-0.00248508946322068,0.4,-1,True,0.0025264029819838107,0.0011264029819838108,0.002351024344481756,outputs/crypto_prediction_reviews/zec_5m/signals/0198_20260402_215500.png
zec_5m,199,2026-04-03 05:55:00,2026-04-03 06:00:00,2026-04-03 07:55:00,236.11,236.0,237.16,236.68500671386718,0.002435334013244561,0.0044470797509634785,0.6,1,True,0.004915254237288114,0.0035152542372881134,0.0020028389531658863,outputs/crypto_prediction_reviews/zec_5m/signals/0199_20260403_055500.png
zec_5m,200,2026-04-03 13:55:00,2026-04-03 14:00:00,2026-04-03 15:55:00,235.64,235.64,235.02,234.88441162109376,-0.003206537000960119,-0.002631132235613509,0.0,-1,True,0.002631132235613509,0.0012311322356135092,0.0005769227253266118,outputs/crypto_prediction_reviews/zec_5m/signals/0200_20260403_135500.png
zec_5m,201,2026-04-03 21:55:00,2026-04-03 22:00:00,2026-04-03 23:55:00,235.94,235.92,234.41,236.6492462158203,0.0030060448241938653,-0.006484699499872848,0.8,1,False,-0.006400474737198958,-0.007800474737198958,0.009552690652362639,outputs/crypto_prediction_reviews/zec_5m/signals/0201_20260403_215500.png
zec_5m,202,2026-04-04 05:55:00,2026-04-04 06:00:00,2026-04-04 07:55:00,235.95,235.97,237.41,235.81238403320313,-0.0005832420716120445,0.0061877516422972345,0.6,1,False,0.00610247065304903,0.00470247065304903,0.006729354141766897,outputs/crypto_prediction_reviews/zec_5m/signals/0202_20260404_055500.png
zec_5m,203,2026-04-04 13:55:00,2026-04-04 14:00:00,2026-04-04 15:55:00,248.12,248.09,249.21,250.30331115722657,0.00879941623902374,0.004393035627922037,0.6,1,True,0.004514490709016883,0.0031144907090168827,0.004387107889838093,outputs/crypto_prediction_reviews/zec_5m/signals/0203_20260404_135500.png
zec_5m,204,2026-04-04 21:55:00,2026-04-04 22:00:00,2026-04-04 23:55:00,251.06,251.12,251.14,251.33181457519532,0.0010826677893543747,0.0003186489285429417,0.4,-1,True,-7.964319847086898e-05,-0.001479643198470869,0.0007637754845717382,outputs/crypto_prediction_reviews/zec_5m/signals/0204_20260404_215500.png
zec_5m,205,2026-04-05 05:55:00,2026-04-05 06:00:00,2026-04-05 07:55:00,244.65,244.6,244.41,244.3283233642578,-0.0013148442090422652,-0.0009809932556713585,0.6,1,True,-0.0007767784137366895,-0.0021767784137366897,0.0003341787805006824,outputs/crypto_prediction_reviews/zec_5m/signals/0205_20260405_055500.png
zec_5m,206,2026-04-05 13:55:00,2026-04-05 14:00:00,2026-04-05 15:55:00,239.29,239.28,241.61,239.33547973632812,0.00019006116564890263,0.009695348740022647,0.6,1,True,0.009737545971247208,0.008337545971247208,0.009414015411911336,outputs/crypto_prediction_reviews/zec_5m/signals/0206_20260405_135500.png
zec_5m,207,2026-04-05 21:55:00,2026-04-05 22:00:00,2026-04-05 23:55:00,238.73,238.73,245.08,237.9968017578125,-0.0030712446788736083,0.026599086834499408,0.4,-1,False,-0.026599086834499408,-0.027999086834499406,0.028901575984117467,outputs/crypto_prediction_reviews/zec_5m/signals/0207_20260405_215500.png
zec_5m,208,2026-04-06 05:55:00,2026-04-06 06:00:00,2026-04-06 07:55:00,255.85,255.81,253.07,255.95453186035155,0.00040856697420978973,-0.010865741645495364,0.4,-1,False,0.010711074625698758,0.009311074625698757,0.011398158060424324,outputs/crypto_prediction_reviews/zec_5m/signals/0208_20260406_055500.png
zec_5m,209,2026-04-06 13:55:00,2026-04-06 14:00:00,2026-04-06 15:55:00,254.11,254.05,254.02,254.76886901855468,0.0025928496263613486,-0.0003541773247806024,0.6,1,False,-0.00011808699074988827,-0.0015180869907498883,0.0029480710910743113,outputs/crypto_prediction_reviews/zec_5m/signals/0209_20260406_135500.png
zec_5m,210,2026-04-06 21:55:00,2026-04-06 22:00:00,2026-04-06 23:55:00,256.19,256.18,251.54,255.03175048828126,-0.004521056683394175,-0.018150591357976475,0.4,-1,True,0.018112264813802903,0.016712264813802905,0.013881491962635328,outputs/crypto_prediction_reviews/zec_5m/signals/0210_20260406_215500.png
zec_5m,211,2026-04-07 05:55:00,2026-04-07 06:00:00,2026-04-07 07:55:00,263.63,263.61,263.34,260.5779724121094,-0.011576935811139189,-0.0011000265523651853,0.0,-1,True,0.001024240355070094,-0.00037575964492990595,0.010488446828778808,outputs/crypto_prediction_reviews/zec_5m/signals/0211_20260407_055500.png
zec_5m,212,2026-04-07 13:55:00,2026-04-07 14:00:00,2026-04-07 15:55:00,262.87,262.93,265.01,264.6319519042969,0.00670275004487717,0.008140906151329563,0.8,1,True,0.007910850796789992,0.006510850796789992,0.00142654275575671,outputs/crypto_prediction_reviews/zec_5m/signals/0212_20260407_135500.png
zec_5m,213,2026-04-07 21:55:00,2026-04-07 22:00:00,2026-04-07 23:55:00,310.15,310.18,320.78,304.56373901367186,-0.01801148149710814,0.034273738513622476,0.6,1,False,0.034173705590302195,0.032773705590302196,0.0505525936352893,outputs/crypto_prediction_reviews/zec_5m/signals/0213_20260407_215500.png
zec_5m,214,2026-04-08 05:55:00,2026-04-08 06:00:00,2026-04-08 07:55:00,321.14,321.15,324.25,319.86395874023435,-0.003973473437645913,0.00968424985987415,0.4,-1,False,-0.009652810213296004,-0.011052810213296004,0.013526727092569413,outputs/crypto_prediction_reviews/zec_5m/signals/0214_20260408_055500.png
zec_5m,215,2026-04-08 13:55:00,2026-04-08 14:00:00,2026-04-08 15:55:00,336.12,336.09,333.24,334.2903076171875,-0.005443568912330443,-0.008568368439842877,0.4,-1,True,0.008479871463000888,0.007079871463000887,0.003151805357062498,outputs/crypto_prediction_reviews/zec_5m/signals/0215_20260408_135500.png
zec_5m,216,2026-04-08 21:55:00,2026-04-08 22:00:00,2026-04-08 23:55:00,327.04,327.07,323.48,329.43016357421874,0.007308474725473135,-0.010885518590998067,0.6,1,False,-0.0109762436175741,-0.0123762436175741,0.01839422398361168,outputs/crypto_prediction_reviews/zec_5m/signals/0216_20260408_215500.png
zec_5m,217,2026-04-09 05:55:00,2026-04-09 06:00:00,2026-04-09 07:55:00,318.98,318.94,319.51,316.6990539550781,-0.007150749404106538,0.001661546178443718,0.2,-1,False,-0.001787170000627114,-0.0031871700006271143,0.008797677834565087,outputs/crypto_prediction_reviews/zec_5m/signals/0217_20260409_055500.png
zec_5m,218,2026-04-09 13:55:00,2026-04-09 14:00:00,2026-04-09 15:55:00,310.17,310.15,325.1,306.4728271484375,-0.011919827357779633,0.048134893767933784,0.2,-1,False,-0.04820248266967608,-0.04960248266967608,0.05729674823611974,outputs/crypto_prediction_reviews/zec_5m/signals/0218_20260409_135500.png
zec_5m,219,2026-04-09 21:55:00,2026-04-09 22:00:00,2026-04-09 23:55:00,370.5,370.52,366.68,372.6737121582031,0.005866969387862686,-0.01031039136302292,0.4,-1,False,0.010363813019540036,0.008963813019540036,0.016345893308070014,outputs/crypto_prediction_reviews/zec_5m/signals/0219_20260409_215500.png
zec_5m,220,2026-04-10 05:55:00,2026-04-10 06:00:00,2026-04-10 07:55:00,372.23,372.23,374.07,371.6788635253906,-0.0014806342170416097,0.0049431802917550005,0.4,-1,False,-0.0049431802917550005,-0.006343180291755001,0.006392216629532932,outputs/crypto_prediction_reviews/zec_5m/signals/0220_20260410_055500.png
zec_5m,221,2026-04-10 13:55:00,2026-04-10 14:00:00,2026-04-10 15:55:00,378.15,378.08,378.6,378.51475830078124,0.0009645862773536518,0.0011900039666801199,0.6,1,True,0.001375370292001854,-2.4629707998145975e-05,0.00022514976021870137,outputs/crypto_prediction_reviews/zec_5m/signals/0221_20260410_135500.png
zec_5m,222,2026-04-10 21:55:00,2026-04-10 22:00:00,2026-04-10 23:55:00,379.63,379.64,375.46,380.7997619628906,0.0030813211887643853,-0.010984379527434696,0.6,1,False,-0.01101043093456966,-0.01241043093456966,0.014221919679568096,outputs/crypto_prediction_reviews/zec_5m/signals/0222_20260410_215500.png
zec_5m,223,2026-04-11 05:55:00,2026-04-11 06:00:00,2026-04-11 07:55:00,376.67,376.67,373.0,377.99765625,0.003524719913983021,-0.009743276608171647,0.8,1,False,-0.009743276608171647,-0.011143276608171647,0.013398542225200982,outputs/crypto_prediction_reviews/zec_5m/signals/0223_20260411_055500.png
zec_5m,224,2026-04-11 13:55:00,2026-04-11 14:00:00,2026-04-11 15:55:00,372.5,372.52,375.62,372.3516845703125,-0.00039816222734898596,0.00837583892617455,0.2,-1,False,-0.00832170084827677,-0.00972170084827677,0.008701121957530256,outputs/crypto_prediction_reviews/zec_5m/signals/0224_20260411_135500.png
