timestamp,open,high,low,close,volume,amount
2020-08-11,2.85,3.9289,2.8433,3.7558,3289427.73,11115302.662744999
2020-08-13,3.75,4.1387,3.321,3.4099,3159921.0300000003,11652402.076467
2020-08-15,3.4181,3.74,3.12,3.3885,1738339.73,5885721.250012
2020-08-17,3.3885,3.7092,2.8105,3.3407,3442529.58,11240635.920853999
2020-08-19,3.334,3.49,2.8,3.2038,2711071.08,8458643.820306
2020-08-21,3.2038,3.24,2.7431,3.0126,2301313.6799999997,6914339.868675999
2020-08-23,3.0224,3.62,3.0014,3.3405,2513232.75,8351090.113588
2020-08-25,3.3406,3.7999,3.0001,3.5684,3439217.93,11695471.997275
2020-08-27,3.5557,4.3091,3.2434,4.0063,4994911.64,18667832.329883
2020-08-29,4.007,4.7117,3.7748,4.4309,3158526.19,13257988.257938001
2020-08-31,4.4127,4.9475,4.1,4.3397,2764703.88,12536394.384683
2020-09-02,4.3213,4.459,3.4772,3.5051,5277670.62,21078522.177107
2020-09-04,3.5062,3.8346,2.0926,2.6052,6478464.62,19135018.851122
2020-09-06,2.6119,3.1983,2.2575,2.9237,5578842.08,15210722.371956
2020-09-08,2.9237,3.8838,2.3821,3.6001,8317511.69,26310924.764680002
2020-09-10,3.6107,3.875,3.0316,3.3965,6584527.6,22690809.606169
2020-09-12,3.3967,3.47,2.9838,3.2603,3186321.88,10373487.68665
2020-09-14,3.2656,3.5393,2.8955,2.9295,5050040.7,16503386.251686
2020-09-16,2.9288,2.9389,2.36,2.8829,9522514.3,24817885.877367
2020-09-18,2.883,3.2545,2.726,3.031,5755666.09,17179892.58892
2020-09-20,3.0216,3.0397,2.4689,2.7672,5024507.890000001,13818145.738193002
2020-09-22,2.7571,3.09,2.65,2.8548,6178937.29,17778779.771387
2020-09-24,2.855,3.2766,2.7804,3.1937,5431544.26,16605518.382636
2020-09-26,3.185,3.25,2.9819,3.1578,2340834.58,7284929.0071020005
2020-09-28,3.1557,3.2109,2.8735,2.9505,2257009.71,6788728.917114999
2020-09-30,2.9447,2.9889,2.65,2.8669,2095819.42,5992566.725610999
2020-10-02,2.8667,2.8873,2.42,2.5439,3335518.34,8710306.037683
2020-10-04,2.542,2.683,2.42,2.6522,1677986.38,4260539.078472
2020-10-06,2.6486,2.6604,2.081,2.3005,3871976.5300000003,8898808.436739
2020-10-08,2.3001,2.63,2.0123,2.5314,4637713.73,10828056.138641
2020-10-10,2.5274,2.6056,2.3401,2.4227,2177704.35,5369320.352902
2020-10-12,2.4228,2.7044,2.336,2.4062,4106418.11,10324991.392183
2020-10-14,2.4061,2.4424,2.1932,2.2682,1880294.94,4342711.749513
2020-10-16,2.2648,2.269,2.1071,2.2053,2028899.68,4431069.648283999
2020-10-18,2.2031,2.2595,2.05,2.0592,1388138.45,2965817.2759100003
2020-10-20,2.0552,2.11,1.8401,1.8887,5155891.79,10014131.509725
2020-10-22,1.8868,2.09,1.8481,1.959,3184770.4400000004,6225793.302371999
2020-10-24,1.9652,1.973,1.76,1.7926,2113959.82,3972808.831553
2020-10-26,1.7925,1.8685,1.5906,1.711,4613022.1,7868303.257484
2020-10-28,1.7084,1.7255,1.4148,1.4327,4588246.33,7059491.8699819995
2020-10-30,1.4328,1.558,1.3163,1.5497,2253617.67,3247357.826694
2020-11-01,1.5497,1.6463,1.4621,1.4738,1828402.31,2843682.5392589998
2020-11-03,1.4729,1.484,1.2733,1.3912,3543688.7399999998,4887411.861017
2020-11-05,1.3895,1.9482,1.3,1.9,5445039.46,8842248.098988
2020-11-07,1.9069,2.4975,1.8276,2.1558,13662956.55,29038959.006586
2020-11-09,2.1515,2.3257,1.9456,2.2661,5169866.88,10944968.623148
2020-11-11,2.2665,2.3,1.825,1.9089,3385997.08,6936626.30716
2020-11-13,1.9089,2.0808,1.869,1.9182,2787531.5,5499772.142739
2020-11-15,1.9204,2.37,1.9133,2.2626,6540216.050000001,14171451.237902999
2020-11-17,2.2665,2.33,2.0001,2.1153,4365500.01,9460317.984646
2020-11-19,2.1122,2.2387,2.0136,2.1033,2981276.46,6342674.269245
2020-11-21,2.0999,2.51,2.0351,2.1514,5411616.75,12177047.82121
2020-11-23,2.161,2.4731,2.112,2.2823,5628952.8,12827813.581328
2020-11-25,2.2795,2.49,1.7212,1.9111,10400956.33,21515772.689157
2020-11-27,1.9117,2.04,1.7694,1.8868,3183632.09,5988045.447768
2020-11-29,1.8858,2.0182,1.85,1.9665,1957331.65,3794009.0942400005
2020-12-01,1.9641,2.2098,1.9168,2.1209,4306660.12,8887487.278756998
2020-12-03,2.119,2.2279,1.836,1.8535,4607305.72,9710606.855881
2020-12-05,1.8507,1.9907,1.7956,1.8505,2213734.77,4168119.67928
2020-12-07,1.8515,1.899,1.6211,1.6631,3259409.29,5735225.401447
2020-12-09,1.66,1.6777,1.5,1.5683,3154925.21,5047288.173334001
2020-12-11,1.5739,1.5774,1.4328,1.4912,2852721.48,4257520.477548
2020-12-13,1.4909,1.7,1.4578,1.5946,3253105.87,5115388.060024
2020-12-15,1.594,1.8039,1.5875,1.7829,6660180.18,11381437.68849
2020-12-17,1.78,1.8064,1.6307,1.7014,3655284.9000000004,6243047.206575
2020-12-19,1.6987,1.7677,1.521,1.5635,2700385.55,4490072.945925999
2020-12-21,1.5605,1.62,1.47,1.49,3301437.25,5064919.687876999
2020-12-23,1.49,1.5126,1.0301,1.3612,6136522.970000001,7956295.793988001
2020-12-25,1.3641,1.4599,1.3118,1.3258,2303525.2199999997,3210143.873111
2020-12-27,1.324,1.5223,1.2616,1.5172,4329519.02,5945292.340104
2020-12-29,1.5187,1.735,1.4388,1.535,7041400.890000001,11178193.259137
2020-12-31,1.5337,1.86,1.42,1.8421,6591618.800000001,10699344.856461
2021-01-02,1.8421,2.38,1.7116,2.1779,13572160.75,27040653.80956
2021-01-04,2.1789,2.5093,1.86,2.1636,14502821.79,32397075.601709
2021-01-06,2.1636,2.65,1.9017,2.3635,39312535.71,88096023.653314
2021-01-08,2.3655,3.8,2.175,3.3829,39747585.32,121336062.717456
2021-01-10,3.3734,3.7517,2.5795,3.1016,14575506.58,45947448.695235
2021-01-12,3.1016,3.88,3.058,3.5242,12199567.48,42374169.534898
2021-01-14,3.5243,3.5955,2.9618,3.2475,11234652.56,37381906.898923
2021-01-16,3.2479,3.9876,3.2463,3.8268,17094449.44,60677332.075132
2021-01-18,3.8243,4.17,3.6,3.6287,10995644.54,42451670.92893
2021-01-20,3.6288,3.7413,2.9717,2.9899,9187478.9,31806993.796163
2021-01-22,2.9893,3.6,2.5295,3.5079,8750957.350000001,27977667.366839997
2021-01-24,3.5018,3.9928,3.4398,3.7038,9249302.0,33932579.335646
2021-01-26,3.7036,4.097,3.5114,3.675,9110061.72,35087097.396504
2021-01-28,3.664,3.96,3.6,3.8293,5047593.87,19108810.360403
2021-01-30,3.8301,4.805,3.7667,4.2525,9383525.52,40099589.469674
2021-02-01,4.2568,5.4026,4.1075,5.2331,7375975.08,35703673.101680994
2021-02-03,5.243,6.5426,5.0513,6.4085,9586841.11,54968793.099421
2021-02-05,6.4181,7.1438,5.7,6.1225,9275733.74,59550184.447572
2021-02-07,6.1219,8.078,5.75,7.855,11830217.969999999,82747155.870654
2021-02-09,7.8651,9.09,7.26,9.09,9222911.16,74833741.659089
2021-02-11,9.0897,9.93,8.72,9.2,8562137.61,79756198.54717399
2021-02-13,9.2007,9.5117,8.5293,8.7158,6377427.720000001,56920770.809906006
2021-02-15,8.7234,9.38,7.7,8.3002,5682113.88,48570079.509837
2021-02-17,8.3035,9.32,7.5182,8.9771,5811504.63,48817295.270331
2021-02-19,8.988,11.85,8.5257,9.9869,11837647.43,122967279.218438
2021-02-21,9.9849,14.8,9.1,14.4191,18405935.95,209794005.409832
2021-02-23,14.4176,18.2052,11.47,17.1691,35083865.510000005,520992954.900676
2021-02-25,17.1745,17.69,13.1,13.5962,17549887.09,264642618.001899
2021-02-27,13.5864,14.8359,11.417,13.0887,13463807.940000001,176676774.74149698
2021-03-01,13.08,15.5469,13.0102,13.9438,9639674.37,139217849.542856
2021-03-03,13.9546,14.738,12.736,13.0508,6041700.300000001,83785373.115051
2021-03-05,13.0649,13.31,11.9,13.0421,5131065.48,64303537.020164
2021-03-07,13.0443,14.014,12.7049,13.6028,5116102.77,68854022.566248
2021-03-09,13.608,15.2118,13.1985,14.2048,4538417.0,65268932.257863
2021-03-11,14.2011,16.5,13.67,14.5597,7804130.949999999,118176347.042221
2021-03-13,14.5532,15.4072,13.8439,14.4605,4382565.3100000005,64314667.752708
2021-03-15,14.461,14.8214,13.1389,13.6392,4522607.42,62857700.584714
2021-03-17,13.6379,14.75,13.0326,14.204,3279678.27,45775193.613363996
2021-03-19,14.2153,14.9793,13.8554,14.1894,2854971.85,40973571.048688
2021-03-21,14.1788,16.59,13.638,14.7964,6294842.36,96913217.673305
2021-03-23,14.7962,15.3719,13.5842,13.5973,4321767.15,62920879.699879
2021-03-25,13.5844,14.7921,12.3043,14.7664,5264604.87,71051885.855528
2021-03-27,14.7751,19.38,14.7173,18.0645,11254621.190000001,195020114.19939798
2021-03-29,18.0645,20.87,17.6439,19.0685,6872735.88,131935181.733362
2021-03-31,19.0645,20.3583,18.0,19.0443,5015342.79,96669495.062784
2021-04-02,19.0443,23.8476,18.345,22.5,8039620.05,171308627.129033
2021-04-04,22.4672,25.5309,21.9867,22.9717,8095754.04,193012206.587823
2021-04-06,22.9876,27.5203,21.7554,26.5385,11142151.86,280147656.968693
2021-04-08,26.537,29.0,25.6431,27.6172,7246686.91,197911334.674877
2021-04-10,27.6194,28.649,25.5131,27.8517,5223682.87,141748043.93542802
2021-04-12,27.8598,29.9295,26.2616,27.4507,5117787.6899999995,142909571.804811
2021-04-14,27.4571,28.2,24.7,27.7816,5770616.92,152585579.859977
2021-04-16,27.7946,28.2571,24.8181,24.85,5116649.71,133775816.151313
2021-04-18,24.8517,36.095,21.1,31.4711,23774667.950000003,717894174.901144
2021-04-20,31.5303,35.1801,28.81,32.5534,13609428.01,431460957.840456
2021-04-22,32.5965,41.74,31.4586,37.3893,28722679.34,1046070721.331469
2021-04-24,37.3018,48.644,34.5861,47.405,21687538.861,908683878.30857
2021-04-26,47.395,48.499,42.5,43.147,18181019.32,826189593.289943
2021-04-28,43.147,46.962,40.516,42.484,13660447.54,599435619.6636131
2021-04-30,42.452,49.88,41.21,49.67,9106721.356,408834854.58502
2021-05-02,49.646,49.99,44.774,45.912,7480418.614,354050852.994829
2021-05-04,45.935,47.81,42.26,44.98,6953378.904,311912506.855295
2021-05-06,44.965,46.243,41.42,43.182,5596909.411,244151662.982118
2021-05-08,43.154,47.15,42.275,44.33,5634111.728,251676540.052651
2021-05-10,44.33,45.89,39.0,44.538,5627956.711,240384594.103841
2021-05-12,44.579,49.243,37.43,41.049,14755407.189,648214385.548801
2021-05-14,41.051,45.5,39.305,43.486,6778946.893999999,285130031.011116
2021-05-16,43.462,52.6,41.602,46.708,27001943.906999998,1289896572.409601
2021-05-18,46.747,58.38,26.5,34.988,34798514.547,1650938749.024899
2021-05-20,34.987,53.0,32.0,38.925,31610506.549000002,1327493051.0896978
2021-05-22,38.925,40.0,19.117,24.536,35909248.869,991819730.8592591
2021-05-24,24.53,33.195,24.496,29.973,25715235.931,742345158.245787
2021-05-26,29.985,37.25,28.858,33.747,16300197.91,550208869.4799271
2021-05-28,33.761,34.551,25.7,27.388,10282276.351,303680312.616274
2021-05-30,27.407,33.014,25.586,32.75,9137527.39,272769494.471756
2021-06-01,32.759,35.129,29.852,33.994,8596154.335,278481513.576994
2021-06-03,33.994,41.523,33.736,37.338,16688041.031999998,627866404.513929
2021-06-05,37.356,43.4,36.982,42.205,14806487.489,603891830.051502
2021-06-07,42.2,44.2,33.6,41.245,24952576.01,973262650.920803
2021-06-09,41.245,44.0,39.291,41.105,15919361.007000001,667417055.409604
2021-06-11,41.091,41.376,34.1,36.476,9957233.076,369581672.487985
2021-06-13,36.492,40.561,34.72,39.694,8653473.391,327260596.80578697
2021-06-15,39.7,41.75,37.455,39.728,8781331.429,350274041.982358
2021-06-17,39.73,41.264,34.898,36.82,7051760.784,270444708.52962697
2021-06-19,36.802,37.318,31.3,35.257,6155459.558,213048062.496296
2021-06-21,35.248,35.499,20.187,26.958,24002742.583,640253809.603277
2021-06-23,26.957,33.0,25.626,31.141,19180404.165,581155894.996815
2021-06-25,31.144,32.989,26.659,29.698,13786127.41,403455185.15459394
2021-06-27,29.691,34.34,29.186,33.001,10847939.927000001,340558062.998859
2021-06-29,33.018,36.0,31.555,35.51,9837709.457,333188698.71434
2021-07-01,35.51,35.567,31.367,34.0,8813123.175,291936804.744612
2021-07-03,34.001,35.531,33.217,34.28,6035619.559,209119106.87138098
2021-07-05,34.278,35.041,32.37,34.226,6298682.143,212074236.83668703
2021-07-07,34.221,38.1,32.654,33.142,9104281.093,324214001.807199
2021-07-09,33.134,34.46,31.025,31.693,5648338.188,185891322.897155
2021-07-11,31.716,32.696,30.011,30.77,4196055.073,132647614.967599
2021-07-13,30.77,31.5,27.363,31.365,5271317.614,156460984.986544
2021-07-15,31.365,31.485,26.196,26.271,6566587.321,189151266.429027
2021-07-17,26.269,27.836,25.979,26.673,3849990.8889999995,103135089.7896
2021-07-19,26.679,26.71,22.1,23.474,6686606.518999999,160917430.533822
2021-07-21,23.484,28.17,22.8,27.699,7205776.151000001,188554119.830138
2021-07-23,27.7,29.548,26.385,28.616,5718629.131,160878868.080257
2021-07-25,28.626,31.115,26.5,28.184,8572683.431,250161656.390472
2021-07-27,28.183,28.95,26.893,27.875,5338276.316,149362432.870998
2021-07-29,27.891,33.084,27.319,32.354,8662710.454,266785234.814729
2021-07-31,32.354,37.004,31.653,34.165,7811120.694999999,270390328.755554
2021-08-02,34.178,35.95,32.327,34.105,6596072.932,225684324.69727498
2021-08-04,34.094,38.267,33.236,37.353,6907209.752,249565367.452483
2021-08-06,37.354,40.5,35.611,39.469,7513085.275,290696435.636213
2021-08-08,39.454,39.999,36.351,38.646,4158734.4639999997,159873162.35002202
2021-08-10,38.646,43.729,38.183,41.621,5115446.220000001,211137549.963581
2021-08-12,41.619,44.911,39.316,44.83,4695004.402000001,198469193.088132
2021-08-14,44.859,54.8,42.727,53.531,7813102.2870000005,377777334.77325594
2021-08-16,53.515,75.155,52.269,64.123,29968190.878,1972252791.680534
2021-08-18,64.135,80.5,59.722,72.764,22841354.051,1655563197.759371
2021-08-20,72.8,82.0,70.873,73.801,10836876.083999999,821127257.943122
2021-08-22,73.852,77.6,71.244,75.623,7012967.648,519548596.285751
2021-08-24,75.647,79.45,66.03,71.973,11861700.941,860825550.984957
2021-08-26,71.982,88.92,66.2,87.98,15349307.84,1202153189.334509
2021-08-28,87.98,97.82,85.59,94.23,9946232.908,922548379.730963
2021-08-30,94.23,130.11,93.58,108.27,27619108.207000002,3091438283.195165
2021-09-01,108.27,131.96,105.89,128.23,17235157.262,2021981746.7680058
2021-09-03,128.2,150.6,128.12,138.88,18061123.895999998,2550815575.2929487
2021-09-05,138.88,166.13,134.74,164.22,13055427.773,1927492553.061507
2021-09-07,164.19,198.0,128.01,191.02,41043334.811000004,7157560929.798629
2021-09-09,191.02,216.0,167.82,179.6,25405088.52,4936588949.252354
2021-09-11,179.6,193.51,170.15,174.29,10455874.89,1896186698.5206
2021-09-13,174.31,175.0,142.6,158.88,16405235.98,2618632850.7569
2021-09-15,158.72,166.5,147.35,152.29,10846915.33,1715371538.821
2021-09-17,152.3,171.47,134.0,169.22,15859725.49,2391366315.3422003
2021-09-19,169.22,170.96,130.26,132.77,15099168.81,2226554780.0374002
2021-09-21,132.77,151.36,116.0,148.02,17069464.060000002,2298290599.218
2021-09-23,148.02,152.5,128.15,139.13,11899337.219999999,1696577835.6662002
2021-09-25,139.11,144.18,124.8,135.64,7554889.4399999995,1026585830.1352
2021-09-27,135.7,148.92,128.17,132.2,9095569.85,1262547722.326
2021-09-29,132.22,142.95,131.12,141.37,7046952.859999999,968085825.4102
2021-10-01,141.38,175.0,138.25,168.98,11802153.899999999,1868496890.1412
2021-10-03,169.0,177.79,162.0,167.13,8546267.17,1455925132.4917002
2021-10-05,167.13,170.18,150.1,153.87,7877603.47,1266208372.9229
2021-10-07,153.9,168.97,150.34,158.86,6986461.96,1110959677.7796001
2021-10-09,158.88,161.54,145.55,147.55,3871204.71,602378696.855
2021-10-11,147.56,154.0,137.61,152.32,5588806.46,818419301.0014
2021-10-13,152.35,155.65,144.28,150.02,5415146.609999999,809403788.1115
2021-10-15,150.01,165.75,146.68,157.54,7373853.66,1174837099.3112
2021-10-17,157.54,167.65,153.13,157.12,5311028.3,851462221.3029
2021-10-19,157.12,176.87,153.06,176.72,5705924.87,934098925.4745
2021-10-21,176.72,215.1,176.7,196.29,16217950.19,3160322292.656
2021-10-23,196.29,205.78,185.22,202.14,6848663.31,1344994024.0451999
2021-10-25,202.15,218.93,196.36,199.85,8083186.45,1685215589.4387999
2021-10-27,199.87,205.49,176.94,195.42,8507400.81,1634916898.4002
2021-10-29,195.37,205.22,187.3,195.7,4093787.39,811164548.1556001
2021-10-31,195.69,211.66,185.31,203.9,5525833.63,1108298533.2723
2021-11-02,203.91,247.0,200.97,243.37,8130420.893999999,1818387556.037828
2021-11-04,243.37,250.5,230.34,236.06,5786448.8100000005,1392373673.9001799
2021-11-06,236.04,259.9,234.79,249.68,4969155.33,1238347441.4394
2021-11-08,249.62,253.3,237.62,239.04,4518439.82,1107908391.6750998
2021-11-10,239.06,248.0,217.5,233.37,5090471.13,1209871335.306
2021-11-12,233.34,241.97,220.83,241.59,3573108.62,823835653.0216
2021-11-14,241.58,246.36,230.4,238.2,2996273.1100000003,716949155.3540001
2021-11-16,238.18,238.21,209.53,218.94,4652414.21,1028114205.4315
2021-11-18,218.9,222.78,186.5,215.25,5790385.72,1183383598.8477
2021-11-20,215.25,240.0,205.84,230.51,3448832.3,754926090.2959001
2021-11-22,230.56,231.99,210.91,221.75,4110721.05,901604453.9577
2021-11-24,221.76,222.47,200.14,209.97,3643009.74,767006360.5876
2021-11-26,209.94,210.53,182.7,192.74,3805060.71,741681194.3461
2021-11-28,192.74,212.75,180.93,204.09,3019744.42,597632018.6688
2021-11-30,204.1,232.63,199.55,229.81,4766212.62,1035023853.3039999
2021-12-02,229.81,243.12,204.68,211.65,5909847.08,1341576720.9649
2021-12-04,211.65,212.62,169.0,196.43,7378051.35,1432844460.8835
2021-12-06,196.49,204.1,176.17,190.19,4754953.74,908940633.3376
2021-12-08,190.24,196.6,178.64,181.11,3335611.91,627957429.8468001
2021-12-10,181.08,184.6,161.33,172.15,3404563.01,589083254.7379
2021-12-12,172.15,176.85,148.04,155.21,3446847.78,561870888.6654
2021-12-14,155.2,182.64,149.6,178.52,5479959.87,899698714.1518
2021-12-16,178.53,189.0,167.88,175.51,4791514.32,859551735.5455999
2021-12-18,175.48,189.43,170.96,179.93,2436331.59,441431959.9027
2021-12-20,179.9,182.54,168.49,179.63,2750952.4000000004,484868296.6771
2021-12-22,179.62,193.5,175.64,190.03,3106546.75,570391829.295
2021-12-24,190.08,197.55,184.14,193.1,2704615.42,517909861.0516
2021-12-26,193.03,204.75,190.22,195.67,2758029.73,545815029.1491
2021-12-28,195.68,195.68,170.01,170.63,3537846.95,641734437.128
2021-12-30,170.65,177.65,167.67,169.99,2049312.65,353827811.7053
2022-01-01,170.01,179.53,169.93,176.35,1254686.77,220094525.6299
2022-01-03,176.34,176.49,166.47,167.72,2072649.06,353778574.7
2022-01-05,167.74,171.32,144.92,150.26,3234919.4699999997,503291957.0221
2022-01-07,150.28,150.72,133.0,142.14,5414812.81,761054090.9867
2022-01-09,142.1,145.71,130.0,135.86,3329665.66,461293360.01600003
2022-01-11,135.84,153.39,133.58,151.51,3275368.33,468883371.0269
2022-01-13,151.5,157.8,141.84,146.17,3412266.89,509548798.5208
2022-01-15,146.18,151.96,143.9,147.98,1829284.8900000001,270230312.8756
2022-01-17,147.98,148.29,134.39,141.22,2551991.3099999996,358022367.1895
2022-01-19,141.32,143.83,126.01,127.54,2639765.37,361559534.2162
2022-01-21,127.54,128.73,87.73,94.54,10978629.670000002,1179171797.8391
2022-01-23,94.57,104.82,80.83,91.93,10551787.75,967202717.4916
2022-01-25,91.94,104.43,87.41,92.12,7984052.01,759011662.4267
2022-01-27,92.11,94.6,85.71,91.34,6177334.93,557703683.7785
2022-01-29,91.35,98.93,90.5,93.29,3308929.27,313973648.0691
2022-01-31,93.26,113.66,89.18,110.02,6604609.199999999,680981096.4262
2022-02-02,109.99,112.35,94.0,101.77,8749921.66,895389589.7586
2022-02-04,101.83,118.6,100.28,113.75,6835407.42,749243908.6758001
2022-02-06,113.74,121.93,111.09,117.55,4292490.92,501083473.91279995
2022-02-08,117.57,120.36,109.4,113.93,4925908.88,561906355.3661
2022-02-10,113.96,115.38,95.14,96.53,5318809.45,569337123.3401
2022-02-12,96.53,99.79,91.35,92.85,3020014.05,288434095.8122
2022-02-14,92.85,105.77,90.72,105.52,4154944.75,410380972.2173
2022-02-16,105.52,105.6,92.33,93.52,4124240.41,410274577.2912
2022-02-18,93.55,96.37,88.6,91.27,3295654.79,302605532.6782
2022-02-20,91.27,96.14,82.62,82.96,6622556.34,595005912.2488
2022-02-22,82.95,93.4,81.06,84.59,6029248.46,523675333.4413
2022-02-24,84.58,95.0,75.35,92.71,11189436.66,958253953.0249
2022-02-26,92.73,95.49,84.08,85.63,4873136.140000001,437798508.6258
2022-02-28,85.61,103.0,84.17,98.66,7877412.33,752330044.0734
2022-03-02,98.65,106.43,94.0,95.62,6901887.31,695037576.5341
2022-03-04,95.63,95.94,86.0,89.63,4350523.6899999995,393329501.4654
2022-03-06,89.61,89.96,79.92,81.66,5059259.91,427305724.68050003
2022-03-08,81.65,89.92,81.3,88.06,5959753.52,509916757.20699996
2022-03-10,88.06,88.57,80.07,80.67,5356826.0600000005,442229423.4233
2022-03-12,80.67,83.34,77.65,78.73,3371703.0999999996,273339846.31270003
2022-03-14,78.72,85.99,78.0,82.84,4203522.76,340547236.87049997
2022-03-16,82.84,91.0,81.53,87.8,5255242.13,454233700.3618
2022-03-18,87.8,94.55,84.41,92.31,4994297.97,446893458.9418
2022-03-20,92.31,92.55,86.74,88.59,3485540.8600000003,311912175.3224
2022-03-22,88.58,96.36,88.0,94.89,5466170.76,504919931.9493
2022-03-24,94.88,104.86,93.26,98.6,8137449.08,815922479.3678999
2022-03-26,98.6,107.46,97.63,107.04,4257424.08,434518594.03470004
2022-03-28,107.04,115.7,105.22,111.62,7873283.140000001,871021891.1682
2022-03-30,111.62,129.5,107.11,122.77,10394399.06,1255658840.5856
2022-04-01,122.79,143.51,117.39,132.49,9699061.83,1279874885.4083
2022-04-03,132.48,141.11,125.82,132.14,6421408.48,862771368.8278
2022-04-05,132.14,136.63,112.1,112.95,7100755.74,886332351.4178
2022-04-07,112.94,122.42,108.1,109.92,6655313.24,770878318.1226001
2022-04-09,109.92,116.09,108.28,111.07,2937616.81,327728839.6481
2022-04-11,111.06,111.94,98.1,103.22,6859767.32,714498390.9288
2022-04-13,103.21,107.72,98.77,100.77,4915380.16,508306192.4458
2022-04-15,100.77,103.5,99.55,102.06,2390706.73,242976099.2001
2022-04-17,102.06,105.44,94.62,102.33,4261234.87,427002369.4982
2022-04-19,102.37,110.9,101.02,105.59,5443517.24,578629017.0579
2022-04-21,105.58,110.0,99.19,100.55,4449260.21,464515245.59319997
2022-04-23,100.55,102.9,98.31,99.23,2145764.29,216421290.7881
2022-04-25,99.22,101.98,94.32,95.7,4215028.9399999995,413185108.0763
2022-04-27,95.7,100.79,94.89,98.24,3683136.67,362700063.18700004
2022-04-29,98.23,98.68,81.91,84.63,3565772.14,330414575.9068
2022-05-01,84.63,93.12,84.15,87.5,4269703.9,376491637.62810004
2022-05-03,87.49,93.06,84.66,92.77,3808436.6100000003,334714384.0602
2022-05-05,92.77,95.25,79.98,81.68,5918647.73,504323354.80920005
2022-05-07,81.67,82.33,73.69,75.38,4643609.65,364062238.4918
2022-05-09,75.39,77.21,60.13,66.9,13701078.013,938470143.508229
2022-05-11,66.9,68.44,37.37,44.64,25261943.486,1271571594.480129
2022-05-13,44.64,56.99,43.83,52.43,13818081.71,699527757.9284999
2022-05-15,52.43,59.31,49.63,53.79,9303780.4,503849101.1049
2022-05-17,53.8,58.22,49.38,49.93,8816914.620000001,477997240.1578
2022-05-19,49.93,54.09,47.81,49.43,9605971.61,491731768.72440004
2022-05-21,49.42,53.2,48.43,52.48,4692823.390000001,238735017.0706
2022-05-23,52.48,54.68,47.1,49.67,7847103.529999999,399594464.5988
2022-05-25,49.67,50.55,41.69,43.44,10320905.5,475536295.7307
2022-05-27,43.44,45.08,39.93,44.25,11865331.86,498426042.4168
2022-05-29,44.24,48.39,41.79,47.22,10105184.239999998,456146730.85319996
2022-05-31,47.22,48.24,39.51,40.11,9258233.670000002,413443853.2375
2022-06-02,40.11,41.65,37.63,38.28,9591194.91,379371547.49380004
2022-06-04,38.28,40.22,35.71,38.52,7354688.17,281458457.3025
2022-06-06,38.53,44.87,37.12,39.31,14500545.129999999,592940384.2348
2022-06-08,39.32,41.97,38.28,39.96,8575482.05,341977968.1182
2022-06-10,39.96,40.9,33.17,33.93,9002797.657,333029730.549782
2022-06-12,33.94,34.5,26.05,28.6,20147720.57,594778049.5509499
2022-06-14,28.59,34.86,25.86,34.76,24111063.36,711194744.06532
2022-06-16,34.75,36.0,29.26,30.71,16693083.16,530330100.6731
2022-06-18,30.72,35.4,27.15,34.19,18583767.119999997,569630989.3931999
2022-06-20,34.19,39.19,31.73,36.42,15647245.559999999,556824082.9867
2022-06-22,36.42,38.65,33.65,38.15,13497317.46,484851419.6723
2022-06-24,38.15,42.92,37.67,42.22,10877257.3,440921364.0734
2022-06-26,42.22,42.49,37.9,38.52,8197081.24,329091426.1383
2022-06-28,38.5,39.9,33.1,34.05,11336614.29,409335737.59940004
2022-06-30,34.06,35.4,30.92,32.84,11492862.219999999,376898690.8471
2022-07-02,32.85,34.14,31.87,33.39,5135072.58,169013760.3936
2022-07-04,33.4,36.99,32.45,35.4,10163087.17,353332082.23109996
2022-07-06,35.41,39.29,34.8,38.46,9390330.18,345699617.9351
2022-07-08,38.46,39.72,36.46,38.06,7366066.62,280877204.6675
2022-07-10,38.06,38.14,33.24,33.42,5109554.970000001,183438749.0327
2022-07-12,33.42,35.08,31.82,34.94,8001002.529999999,267793719.7259
2022-07-14,34.94,39.1,33.58,37.36,9655396.059999999,351078454.798
2022-07-16,37.36,41.09,36.35,38.62,7741176.61,302775461.0964
2022-07-18,38.61,47.36,38.55,44.87,14176934.77,616567895.1112
2022-07-20,44.87,46.3,39.64,43.11,12514541.030000001,539076333.9321
2022-07-22,43.1,44.33,38.6,39.97,7917701.04,328184482.1802
2022-07-24,39.97,42.1,36.56,36.65,7565139.460000001,299087616.85660005
2022-07-26,36.66,40.55,34.67,40.23,10356854.74,384067806.87590003
2022-07-28,40.23,44.42,39.03,41.91,11703661.3,487711219.39970005
2022-07-30,41.92,46.65,41.41,42.35,8676050.67,381070108.9203
2022-08-01,42.34,43.26,39.5,39.79,6901076.4,286354634.5061
2022-08-03,39.78,40.99,37.43,38.83,12542538.44,490386846.7666
2022-08-05,38.83,41.33,38.71,40.07,5111339.91,205678339.9592
2022-08-07,40.07,43.71,39.21,42.18,5569647.3,232876626.9996
2022-08-09,42.17,42.87,39.15,42.47,7300270.680000001,300241734.0945
2022-08-11,42.47,45.49,42.12,45.48,9185849.120000001,402553963.9589
2022-08-13,45.49,48.38,44.46,44.87,8182828.100000001,381744858.2439
2022-08-15,44.86,47.24,42.53,43.08,7749850.470000001,340798435.98469996
2022-08-17,43.08,44.75,39.31,39.52,7046696.98,292955681.7977
2022-08-19,39.51,39.59,34.21,35.28,10082686.51,369014326.181
2022-08-21,35.28,37.09,33.73,35.41,6925365.86,244925035.7976
2022-08-23,35.42,36.4,34.24,34.89,5325446.77,188296809.0209
2022-08-25,34.9,36.49,31.36,31.72,7740827.47,267032220.0216
2022-08-27,31.72,32.25,30.19,30.44,5270481.48,166284158.3348
2022-08-29,30.43,33.16,30.0,31.47,7225746.08,227866622.68980002
2022-08-31,31.47,32.95,30.44,31.61,5009962.85,158828755.0845
2022-09-02,31.61,32.38,30.76,31.12,3100608.41,97670182.0564
2022-09-04,31.11,32.5,31.02,32.18,2848256.4699999997,90424046.92390001
2022-09-06,32.17,33.9,30.31,32.69,7179067.1899999995,230108822.1912
2022-09-08,32.7,35.96,31.97,34.67,6810674.54,231872998.1572
2022-09-10,34.68,36.0,34.04,34.99,3977567.15,138787660.3193
2022-09-12,34.99,39.01,32.93,33.0,11588558.07,423464108.4116
2022-09-14,33.0,34.84,32.42,33.07,6866802.45,230029005.79430002
2022-09-16,33.08,33.89,31.5,33.68,3595125.67,117452573.2421
2022-09-18,33.69,33.99,30.5,32.62,5802540.73,185824282.92650002
2022-09-20,32.63,33.48,30.01,30.65,7104330.73,226645246.92409998
2022-09-22,30.65,33.98,30.59,33.66,6456402.63,207611780.5385
2022-09-24,33.67,34.79,31.87,32.34,4940823.68,166247745.19099998
2022-09-26,32.33,35.41,31.87,32.69,7695257.5600000005,258137890.1184
2022-09-28,32.68,34.42,31.65,33.93,5826487.71,193124878.2122
2022-09-30,33.94,35.22,32.34,32.44,5723125.66,193376200.8928
2022-10-02,32.44,33.27,31.73,32.89,3363319.44,109670009.2872
2022-10-04,32.9,34.4,32.84,34.04,3727291.69,125994112.873
2022-10-06,34.04,34.5,32.43,32.98,3762869.04,126018453.1518
2022-10-08,32.98,33.14,32.35,32.92,1668795.33,54761894.7491
2022-10-10,32.92,33.46,30.42,30.8,3478347.37,111070237.3154
2022-10-12,30.8,31.55,27.87,30.49,5450860.67,162325107.1578
2022-10-14,30.48,31.98,29.42,29.59,3393347.26,104136758.21790001
2022-10-16,29.59,31.29,29.56,31.21,2629379.36,80064156.4403
2022-10-18,31.22,31.48,28.61,28.86,3680008.9,111063388.37009999
2022-10-20,28.86,29.47,26.84,28.1,5588194.83,157307578.1615
2022-10-22,28.1,29.44,27.48,29.28,3484206.63,98544379.22
2022-10-24,29.28,32.31,28.05,30.86,6915503.390000001,205837692.0785
2022-10-26,30.87,32.36,30.41,30.58,7518007.09,235702823.57349998
2022-10-28,30.6,33.84,30.11,32.87,6334146.66,204043905.8937
2022-10-30,32.87,34.39,31.93,32.56,5044996.83,166453891.90060002
2022-11-01,32.57,33.39,30.24,30.8,5439559.65,173789926.79140002
2022-11-03,30.81,34.2,30.61,33.74,6409637.0600000005,207350112.987
2022-11-05,33.73,38.79,32.31,32.62,12188157.57,437216421.5971
2022-11-07,32.61,33.13,19.8,24.38,37967781.659,1053494762.966907
2022-11-09,24.38,24.38,12.37,17.66,66243300.326,1099235409.628803
2022-11-11,17.65,18.31,14.47,14.58,23910589.29,390001433.04260004
2022-11-13,14.58,15.01,12.07,14.0,20044586.77,277598279.006
2022-11-15,14.0,15.1,13.64,14.27,11784068.82,168930364.1573
2022-11-17,14.27,14.5,12.93,13.27,9538773.17,129819718.0846
2022-11-19,13.28,13.58,12.1,12.27,7710214.25,98751507.3628
2022-11-21,12.26,12.5,10.94,12.44,10416528.809,122349447.535062
2022-11-23,12.43,14.96,12.4,14.59,12598178.11,173025309.27719998
2022-11-25,14.6,14.98,13.91,14.17,5731343.06,81920051.9718
2022-11-27,14.17,14.45,12.78,13.32,6782009.5200000005,92517880.30849999
2022-11-29,13.33,14.32,13.14,14.16,6205599.29,84535764.1115
2022-12-01,14.17,14.19,13.33,13.71,5432844.63,74163956.1264
2022-12-03,13.71,13.77,13.2,13.71,3736978.13,50521996.8362
2022-12-05,13.71,14.38,13.58,14.3,7242574.6,101314408.5099
2022-12-07,14.3,14.34,13.27,13.69,4865701.68,66289905.814899996
2022-12-09,13.69,14.02,13.51,13.58,3548060.07,48685074.319
2022-12-11,13.58,13.8,12.82,13.31,3854251.64,51284049.4287
2022-12-13,13.31,14.96,12.76,14.12,9048545.620000001,126659623.6369
2022-12-15,14.12,14.52,12.0,12.25,7234214.48,97307477.9771
2022-12-17,12.25,12.6,11.92,12.38,3824473.9400000004,47165637.59
2022-12-19,12.38,12.59,11.66,12.26,4084308.96,49857976.5078
2022-12-21,12.26,12.29,11.67,11.82,3355181.75,40236627.4165
2022-12-23,11.81,12.11,11.07,11.45,3934260.46,45613793.1976
2022-12-25,11.45,11.56,11.06,11.32,2529643.46,28622117.5581
2022-12-27,11.33,11.44,9.39,9.76,10414402.771,107532183.7022
2022-12-29,9.76,10.89,8.0,9.9,24681069.04,231738670.34292
2022-12-31,9.91,10.2,9.66,9.99,5908947.279999999,58699366.766499996
2023-01-02,9.99,13.91,9.81,13.37,22614756.29,272112988.23510003
2023-01-04,13.37,14.24,12.83,13.43,18447089.25,249209023.21100003
2023-01-06,13.43,13.6,12.69,13.1,7309599.390000001,96456402.41710001
2023-01-08,13.1,17.5,12.85,16.25,25777555.69,402383631.1469
2023-01-10,16.25,16.73,15.28,16.36,15151034.44,243498008.13770002
2023-01-12,16.37,18.65,15.54,18.29,20538555.36,345350551.5558
2023-01-14,18.29,25.0,18.2,22.89,37255260.61,843053592.6833
2023-01-16,22.9,25.0,22.3,22.86,16100310.959999999,378019804.8333
2023-01-18,22.86,23.65,20.34,21.4,17455055.39,379017494.4887
2023-01-20,21.4,26.6,20.93,24.57,22435292.08,547503954.7594
2023-01-22,24.56,25.45,23.5,24.33,12597263.24,309949372.5259
2023-01-24,24.32,25.43,22.24,24.52,14453934.17,345199270.5787
2023-01-26,24.53,25.23,23.27,24.43,10179459.86,247247780.83679998
2023-01-28,24.43,26.8,23.7,26.07,11163790.3,280492759.4066
2023-01-30,26.07,26.31,23.11,23.92,11594837.21,281960010.6468
2023-02-01,23.93,26.15,22.48,24.32,14551478.89,356151990.09459996
2023-02-03,24.32,25.07,24.01,24.34,6793433.72,166705047.9499
2023-02-05,24.34,24.46,22.45,22.66,8415133.969999999,197487286.4154
2023-02-07,22.65,24.24,22.54,23.22,8870052.99,207240752.5477
2023-02-09,23.21,23.35,19.68,20.11,11921815.17,254896740.65210003
2023-02-11,20.1,22.59,20.1,21.49,6485094.789999999,137625957.5076
2023-02-13,21.49,22.37,19.73,21.84,14324851.870000001,302230962.7819
2023-02-15,21.84,24.2,21.45,22.24,12420516.6,286978129.5671
2023-02-17,22.24,23.94,21.99,23.45,7187328.75,165675129.7077
2023-02-19,23.46,27.12,23.2,26.26,18582404.32,471395273.5763
2023-02-21,26.26,26.61,23.21,24.16,13898753.68,342078602.8586
2023-02-23,24.16,24.69,22.46,23.07,9259854.399999999,219510893.3564
2023-02-25,23.07,23.53,21.41,23.25,7359125.1,166306104.1282
2023-02-27,23.25,23.41,21.75,21.89,5962412.79,135033641.0237
2023-03-01,21.88,22.91,21.65,22.0,4676795.97,103920950.98269999
2023-03-03,22.0,22.02,20.2,20.98,5389363.5,113231580.0939
2023-03-05,20.98,21.72,20.47,20.63,3949721.84,82896922.3994
2023-03-07,20.62,20.95,18.1,18.41,8931635.52,174361097.5161
2023-03-09,18.41,18.78,16.0,18.17,17352751.61,303265842.67429996
2023-03-11,18.17,20.53,16.94,20.2,13148953.04,240656315.1807
2023-03-13,20.19,22.12,18.87,20.86,20464966.700000003,420103167.5247
2023-03-15,20.86,21.46,18.7,19.67,12043051.399999999,238092380.8226
2023-03-17,19.67,22.94,19.42,21.2,13271718.4,283346674.06340003
2023-03-19,21.2,23.91,21.19,22.13,14347419.16,323059332.1115
2023-03-21,22.13,23.33,20.93,21.42,15150160.36,337459821.44369996
2023-03-23,21.41,22.95,20.26,20.66,10045409.57,216332412.4637
2023-03-25,20.66,21.14,20.09,20.94,4186732.6500000004,86651859.58520001
2023-03-27,20.94,20.99,19.33,20.45,6872846.79,138263446.8498
2023-03-29,20.45,21.67,20.16,20.55,7727101.0600000005,161588481.0539
2023-03-31,20.55,21.49,20.04,21.08,5052854.82,105219068.0675
2023-04-02,21.07,21.3,19.94,20.45,5806431.15,119086448.6266
2023-04-04,20.45,21.34,20.28,20.97,5117936.15,107035732.4887
2023-04-06,20.96,20.99,20.22,20.44,2895142.9699999997,59585691.7351
2023-04-08,20.44,20.74,19.85,20.28,2660602.3200000003,53818596.6644
2023-04-10,20.29,23.68,20.08,22.98,9912989.63,220903511.1378
2023-04-12,22.99,25.3,22.29,24.43,16437648.86,393540395.4465
2023-04-14,24.43,25.49,23.73,24.05,9293553.73,228389102.87520003
2023-04-16,24.05,26.0,23.81,24.58,9102955.17,227334972.96789998
2023-04-18,24.57,25.44,21.71,22.66,10128052.59,240952424.1027
2023-04-20,22.66,23.18,21.0,21.25,9680708.93,214102268.9695
2023-04-22,21.26,22.25,20.91,21.47,4585353.74,99167046.2608
2023-04-24,21.47,22.02,20.73,21.93,6435213.7,137157274.0459
2023-04-26,21.94,22.97,20.36,22.33,11360983.16,248773829.7823
2023-04-28,22.34,23.89,22.16,23.19,7617023.93,175610524.0388
2023-04-30,23.18,23.99,21.54,21.96,6869577.609999999,155681455.75239998
2023-05-02,21.95,22.38,21.23,22.24,6748788.369999999,147378417.82389998
2023-05-04,22.24,23.07,21.56,22.82,6166039.63,136872973.56599998
2023-05-06,22.82,23.23,21.56,21.66,5804130.630000001,129179063.8787
2023-05-08,21.65,21.81,20.0,20.65,7629898.15,159397789.564
2023-05-10,20.66,21.31,19.69,20.17,8778885.4,180488006.4587
2023-05-12,20.17,21.29,19.8,20.84,4911873.79,101117963.7294
2023-05-14,20.83,21.52,20.6,20.99,4411692.91,93113563.8739
2023-05-16,20.98,21.23,20.42,21.06,5336815.449999999,110869326.7017
2023-05-18,21.06,21.09,20.07,20.36,3838914.01,78897271.2964
2023-05-20,20.35,20.39,19.33,19.61,2833053.76,56730608.9306
2023-05-22,19.61,20.18,19.28,20.02,4521182.65,89560229.26609999
2023-05-24,20.02,20.07,18.66,19.25,4473344.46,86350679.4466
2023-05-26,19.25,20.54,19.08,20.43,2600267.55,51170766.537300006
2023-05-28,20.42,21.19,20.26,20.57,5096811.949999999,105275218.0614
2023-05-30,20.57,21.4,20.37,20.81,5243279.87,109747371.71700001
2023-06-01,20.82,21.37,20.3,21.26,3800463.58,79360966.3449
2023-06-03,21.26,22.3,20.95,21.82,3930923.04,85147770.0228
2023-06-05,21.83,22.06,19.03,20.38,10598574.379999999,215884431.01130003
2023-06-07,20.38,20.53,18.23,18.89,6511984.96,124548048.5634
2023-06-09,18.88,19.37,12.8,15.61,21967190.32,344734233.2534
2023-06-11,15.61,16.18,14.74,15.19,11259375.27,173469094.0603
2023-06-13,15.19,16.0,14.06,14.48,8793165.799999999,132669929.1552
2023-06-15,14.49,15.47,14.18,15.31,7510538.9399999995,110988619.4662
2023-06-17,15.32,16.12,15.16,15.45,4104009.84,64351912.5758
2023-06-19,15.45,16.69,15.34,16.64,4895899.99,78230522.56639999
2023-06-21,16.65,17.75,16.54,16.62,7694231.42,130856180.1271
2023-06-23,16.62,17.53,16.16,16.64,7760298.41,131118268.7752
2023-06-25,16.64,17.38,15.89,16.27,5779633.65,97131689.82460001
2023-06-27,16.27,16.93,15.6,15.97,6991359.74,114190372.05939999
2023-06-29,15.98,20.03,15.87,18.86,19402268.22,352704043.89250004
2023-07-01,18.85,19.74,17.9,19.45,8387867.01,157719995.24379998
2023-07-03,19.46,19.94,18.87,19.13,6161479.02,119264388.08770001
2023-07-05,19.14,21.0,18.32,19.61,12013925.5,237335625.20880002
2023-07-07,19.61,22.5,19.26,21.81,16267117.74,343219856.32280004
2023-07-09,21.82,22.38,20.47,21.3,9538451.7,203185582.1088
2023-07-11,21.3,22.8,21.2,21.94,10702924.66,236697553.5862
2023-07-13,21.93,32.13,21.42,26.67,35674052.83,943996846.4719
2023-07-15,26.67,29.12,26.45,27.42,17751575.26,494135702.23980004
2023-07-17,27.41,28.49,24.76,25.54,14990153.52,396347503.4683
2023-07-19,25.54,27.38,25.03,25.38,9944183.82,261711181.12370002
2023-07-21,25.38,26.0,24.0,24.52,5678342.59,144111268.6235
2023-07-23,24.52,25.26,22.89,23.37,6383656.01,153529010.0941
2023-07-25,23.36,25.68,22.73,25.17,8555912.02,206747253.2638
2023-07-27,25.18,25.65,24.54,24.82,6944341.24,174318997.919
2023-07-29,24.82,25.39,23.47,24.25,4543622.7,112415928.90179999
2023-07-31,24.25,24.79,22.84,24.05,6765445.29,161044595.5143
2023-08-02,24.06,24.29,22.44,22.65,6290533.6899999995,145798831.31919998
2023-08-04,22.65,23.57,22.23,22.65,5006355.31,114494867.08829999
2023-08-06,22.66,23.67,22.27,23.12,5965479.6,137273919.7237
2023-08-08,23.11,24.99,23.02,24.38,8510428.81,205898528.7844
2023-08-10,24.39,24.93,24.13,24.62,4971961.4,122124217.4287
2023-08-12,24.63,25.24,24.21,24.23,3827550.3,94359987.1595
2023-08-14,24.22,25.42,23.74,23.9,6791502.47,167121658.35680002
2023-08-16,23.91,24.03,20.0,21.66,10627776.49,241490972.9982
2023-08-18,21.67,22.2,20.9,21.9,5584346.13,120996875.94279999
2023-08-20,21.89,22.04,20.3,21.2,3700005.85,78855885.2228
2023-08-22,21.2,21.82,19.35,21.74,7340251.21,152348876.53390002
2023-08-24,21.74,22.02,20.09,20.42,5041160.84,105691456.06909999
2023-08-26,20.42,20.92,20.19,20.79,1847217.08,37873780.156
2023-08-28,20.79,22.05,20.03,21.79,6894145.73,145573862.9734
2023-08-30,21.79,21.99,19.43,19.74,5805353.65,119609455.5808
2023-09-01,19.74,19.93,19.02,19.5,3936618.9699999997,76732516.97569999
2023-09-03,19.5,20.05,19.15,19.52,3238158.0700000003,63382534.6894
2023-09-05,19.52,20.6,19.03,19.64,7627119.23,150782450.32569999
2023-09-07,19.63,20.28,19.32,19.61,4347682.01,85576008.7436
2023-09-09,19.6,19.61,17.78,18.24,6277355.23,116103968.1004
2023-09-11,18.23,18.8,17.33,17.92,9573421.879999999,172017648.3207
2023-09-13,17.91,19.33,17.69,18.85,8461457.74,156975824.0845
2023-09-15,18.85,19.5,18.55,19.12,3504306.99,66780369.10169999
2023-09-17,19.12,20.15,18.58,19.64,4805091.58,93134577.3523
2023-09-19,19.65,20.54,19.58,20.29,5698880.49,114377571.9095
2023-09-21,20.29,20.29,19.15,19.43,4817141.57,94593961.9034
2023-09-23,19.42,19.68,19.2,19.36,1988939.97,38742476.2469
2023-09-25,19.36,19.74,18.84,19.03,3680190.74,71226564.4175
2023-09-27,19.03,19.98,18.73,19.96,5251273.66,101325817.3125
2023-09-29,19.97,21.81,19.85,21.37,6290341.9399999995,130105757.5046
2023-10-01,21.37,24.8,21.13,23.37,12729414.01,298532589.8176
2023-10-03,23.38,24.77,22.58,23.13,9839983.59,232704560.3565
2023-10-05,23.13,23.76,22.53,23.41,7654084.9,177412032.7798
2023-10-07,23.41,24.21,23.06,23.22,4884307.85,114731135.2216
2023-10-09,23.21,23.37,21.59,22.11,6521006.720000001,145326516.6118
2023-10-11,22.11,22.43,20.93,21.28,5655340.96,122839704.2793
2023-10-13,21.29,22.31,21.11,22.0,3707397.63,80690993.7227
2023-10-15,22.0,24.75,21.66,23.95,8429608.6,195415917.58870003
2023-10-17,23.95,24.56,23.36,23.42,7438425.27,178301708.68
2023-10-19,23.41,27.5,23.11,27.03,13155796.0,337155705.26919997
2023-10-21,27.02,30.31,26.65,29.05,15143838.75,436616633.02489996
2023-10-23,29.06,32.81,28.74,30.17,23330824.2,717016935.4577999
2023-10-25,30.18,33.9,30.0,32.77,17522813.6,564924535.6017001
2023-10-27,32.78,33.35,31.2,31.63,8867809.76,285818784.2857
2023-10-29,31.62,35.35,31.27,34.94,11111090.03,373921087.5763
2023-10-31,34.94,46.9,34.82,41.15,28754025.67,1142140552.3322
2023-11-02,41.16,44.57,37.98,39.45,25033904.39,1017556160.2339001
2023-11-04,39.45,42.85,39.0,41.15,11570544.1,478503836.5822
2023-11-06,41.16,44.78,39.66,42.93,13693219.06,570434739.0218999
2023-11-08,42.93,48.88,41.36,45.29,17127312.34,769878998.5114
2023-11-10,45.3,63.95,45.05,56.34,28499413.65,1551091243.3396
2023-11-12,56.36,61.86,51.28,51.6,21312948.630000003,1212821202.9014
2023-11-14,51.6,67.12,51.12,65.43,25013887.52,1462903871.5871
2023-11-16,65.43,68.2,54.1,58.51,25836630.82,1564499578.9761
2023-11-18,58.52,62.1,54.7,61.1,14384596.59,844145713.9388
2023-11-20,61.1,61.33,51.23,51.65,17868651.18,1005642902.3737
2023-11-22,51.65,59.63,51.43,56.51,12817099.8,721474675.4804001
2023-11-24,56.52,59.82,55.7,58.82,8000781.199999999,464363038.5284
2023-11-26,58.81,59.04,53.47,55.06,7716707.07,433614045.49880004
2023-11-28,55.06,61.78,53.94,59.31,13217308.79,771339682.8172
2023-11-30,59.31,61.9,58.6,59.75,10019598.07,603823695.7866
2023-12-02,59.74,65.53,59.67,62.98,9573702.41,601861590.7474
2023-12-04,62.99,65.25,59.11,61.03,13728654.45,846257075.2698
2023-12-06,61.04,69.37,61.03,67.74,21769719.0,1402061786.0505
2023-12-08,67.74,77.78,67.74,72.3,20124794.648000002,1475369496.259746
2023-12-10,72.31,75.0,64.18,70.25,18857496.48,1331312108.9306002
2023-12-12,70.24,72.6,63.67,70.62,16035389.08,1101250345.3017
2023-12-14,70.62,79.5,68.18,72.51,16328156.85,1216508203.7238998
2023-12-16,72.51,77.22,70.36,70.87,10621720.870000001,783286503.6208
2023-12-18,70.85,76.37,67.0,73.0,13306628.49,962288043.3699
2023-12-20,73.0,95.54,72.96,93.84,22830938.64,1916356438.4103
2023-12-22,93.86,110.0,90.34,107.88,20311542.16,1976319190.7635
2023-12-24,107.88,126.36,107.3,120.91,23376196.95,2686519682.6067
2023-12-26,120.91,121.36,102.09,106.91,21272734.28,2366570996.7549
2023-12-28,106.92,110.0,97.14,106.17,19626739.689999998,2041709745.9925
2023-12-30,106.17,107.47,99.54,101.72,8000330.29,825525270.1491001
2024-01-01,101.72,116.95,101.44,106.73,12234676.42,1337465609.225
2024-01-03,106.72,109.9,85.0,104.91,19456543.330000002,1967144990.0665
2024-01-05,104.91,105.48,91.53,93.77,11855045.24,1160271749.5326
2024-01-07,93.77,99.97,85.16,97.88,15224831.280000001,1417048031.573
2024-01-09,97.88,105.52,91.68,102.0,17209210.740000002,1701269654.5781
2024-01-11,101.99,107.32,87.0,92.12,15448873.19,1535595251.1199
2024-01-13,92.14,102.87,89.51,93.81,9821915.58,941913394.8696
2024-01-15,93.81,98.73,92.97,97.61,7374266.390000001,707848743.9426
2024-01-17,97.6,103.59,91.41,94.4,13148979.54,1299751665.1271
2024-01-19,94.39,95.47,87.04,92.88,9156828.620000001,845050980.5651
2024-01-21,92.88,93.93,82.06,83.84,9079196.65,800349913.4509001
2024-01-23,83.84,89.47,79.0,88.77,14343199.48,1199696074.8362
2024-01-25,88.77,93.72,85.09,92.28,8696516.75,776336054.6789
2024-01-27,92.29,99.44,90.68,95.98,8354245.680000001,794919648.1745
2024-01-29,95.99,106.49,95.06,101.4,12763047.07,1296802931.093
2024-01-31,101.4,102.73,93.11,97.81,15165962.94,1486982083.0331
2024-02-02,97.81,102.57,96.53,97.96,8275234.949999999,823387838.6990001
2024-02-04,97.95,98.7,94.11,95.66,6806022.4,657984208.9414
2024-02-06,95.66,101.58,92.88,101.14,8856910.129999999,854348236.1211
2024-02-08,101.14,109.13,100.51,106.94,11769569.91,1227261681.2463999
2024-02-10,106.94,110.86,106.86,107.46,6694924.890000001,729242874.1091
2024-02-12,107.46,115.15,103.4,112.48,11792477.61,1297355289.9618
2024-02-14,112.49,118.69,110.61,113.5,9812559.92,1131727005.6488
2024-02-16,113.5,114.25,105.0,108.92,6844838.4399999995,752281573.1015999
2024-02-18,108.92,114.87,107.51,111.53,6830538.68,765335059.5114
2024-02-20,111.53,112.11,100.23,105.03,10429422.14,1108325987.2805
2024-02-22,105.04,107.1,98.64,99.9,7452496.32,767354053.0581
2024-02-24,99.91,104.85,98.48,103.47,4301300.83,440956213.2303
2024-02-26,103.47,112.3,100.29,108.36,11590302.23,1250346210.6654
2024-02-28,108.35,134.65,106.85,125.68,25679369.33,3090878917.9175
2024-03-01,125.68,137.8,125.61,130.02,13069883.030000001,1718337447.5103002
2024-03-03,130.03,134.95,124.17,133.27,13282055.65,1728420459.8005
2024-03-05,133.26,142.72,105.0,130.79,26616860.0,3446982206.0752
2024-03-07,130.8,152.64,130.52,144.79,19049720.950000003,2739690753.8976
2024-03-09,144.79,149.15,140.43,144.39,8176396.0600000005,1190039922.7168
2024-03-11,144.39,155.0,136.49,151.05,16673922.35,2463930329.9648
2024-03-13,151.06,178.5,148.71,176.65,18050871.81,2943186463.7045
2024-03-15,176.65,197.95,164.5,182.05,30502019.61,5556311750.875999
2024-03-17,182.05,210.18,178.55,195.92,22108273.14,4349320230.6935
2024-03-19,195.92,198.68,162.45,191.77,29301083.55,5225815745.3321
2024-03-21,191.76,195.68,167.57,175.21,14216423.45,2575580837.6628
2024-03-23,175.21,186.78,170.38,183.88,7082975.99,1247150758.9529
2024-03-25,183.87,196.57,180.92,190.46,9705703.21,1846441905.2237
2024-03-27,190.46,192.74,180.0,189.63,8776123.23,1633835583.7207
2024-03-29,189.64,200.0,183.39,194.2,7071450.14,1355768042.2978
2024-03-31,194.19,204.46,186.87,192.24,6997912.100000001,1372629450.0411
2024-04-02,192.24,192.24,175.92,185.05,10777052.97,1991083410.5265
2024-04-04,185.05,190.13,167.84,174.37,8774594.58,1572068757.9857001
2024-04-06,174.37,182.71,173.54,179.52,4877667.609999999,870275168.7663
2024-04-08,179.51,184.68,169.11,172.42,7092587.86,1262012078.3768
2024-04-10,172.41,176.32,162.28,172.37,8414665.14,1441258782.9991
2024-04-12,172.37,175.98,116.0,138.47,22286516.28,3250028075.2392
2024-04-14,138.47,156.06,130.45,138.51,21760795.42,3101182514.9501
2024-04-16,138.51,142.77,126.4,131.84,19354197.17,2595682187.5111
2024-04-18,131.84,147.49,127.62,142.5,18950429.35,2622072856.7683
2024-04-20,142.5,153.5,139.66,148.8,8502775.2,1252656516.7898998
2024-04-22,148.81,160.0,146.63,154.75,9069632.27,1402306803.4496
2024-04-24,154.75,159.8,142.09,144.84,11909428.27,1793560562.3028
2024-04-26,144.83,146.19,132.88,141.31,7570415.42,1063648273.5227001
2024-04-28,141.31,144.82,133.38,137.77,7219797.057,999209458.84697
2024-04-30,137.79,139.77,118.47,134.64,14017880.759,1789091557.4093199
2024-05-02,134.64,145.0,128.19,143.69,10268321.177000001,1411941215.2168698
2024-05-04,143.7,149.14,142.22,145.73,4939853.5030000005,719899322.53609
2024-05-06,145.74,159.19,145.4,148.03,9273821.162999999,1422628544.8808498
2024-05-08,148.03,153.39,140.0,152.57,8445405.249,1233040532.00617
2024-05-10,152.56,155.75,143.12,145.42,6141808.022,911416498.67223
2024-05-12,145.42,150.88,137.78,147.54,5830477.550000001,843135207.50266
2024-05-14,147.53,158.88,141.21,158.52,8275207.573999999,1225865185.16897
2024-05-16,158.52,174.0,156.46,169.44,8297299.606,1358179712.82905
2024-05-18,169.43,176.06,165.96,169.93,5571458.071,957448517.8902
2024-05-20,169.93,188.89,167.47,178.15,10418349.061999999,1877051244.7649698
2024-05-22,178.15,185.0,165.35,176.16,9871821.757,1743426124.78399
2024-05-24,176.15,176.15,162.5,168.35,6731103.777,1131719871.0944
2024-05-26,168.35,172.28,161.0,170.15,6386135.044,1060238914.36626
2024-05-28,170.15,173.93,164.92,168.32,6725528.637,1137966528.72895
2024-05-30,168.32,173.0,163.55,165.65,5900503.435,988586521.69676
2024-06-01,165.65,167.95,161.32,163.15,2740076.914,453547368.61267
2024-06-03,163.14,171.87,161.79,171.78,4502970.547,748688170.8380101
2024-06-05,171.78,175.6,167.51,170.15,4676461.823000001,807470342.06973
2024-06-07,170.15,172.85,152.92,157.83,5328734.741,872227572.81733
2024-06-09,157.83,163.18,156.52,159.05,3205181.954,512972975.07714
2024-06-11,159.04,161.84,145.2,155.22,7498439.171,1152262218.51787
2024-06-13,155.21,155.21,139.67,143.05,5756750.604,845962909.42283
2024-06-15,143.04,151.35,142.92,151.3,2752804.349,401217216.67642
2024-06-17,151.3,151.79,127.95,137.41,9970936.522,1382627628.7118602
2024-06-19,137.41,141.9,131.9,133.55,7044457.976,963880128.4326999
2024-06-21,133.55,136.74,128.76,133.69,4629289.918,615039086.085
2024-06-23,133.7,135.09,122.0,132.33,7075899.007999999,906428482.5088401
2024-06-25,132.34,140.41,131.2,136.81,6467089.77,884788569.77909
2024-06-27,136.81,151.21,135.2,140.03,7789998.703,1127325067.5028
2024-06-29,140.03,147.62,137.09,146.61,3555655.732,505010494.23272
2024-07-01,146.61,155.0,145.87,154.03,5056314.1280000005,753567864.4548299
2024-07-03,154.03,154.5,127.2,127.86,9420154.091,1310181387.27053
2024-07-05,127.85,144.35,121.0,143.05,10543390.366999999,1382368360.80563
2024-07-07,143.05,143.33,127.77,139.81,8299163.377,1136165898.69132
2024-07-09,139.81,146.2,136.45,141.98,6064499.499,859268524.99999
2024-07-11,141.99,146.1,133.92,139.46,6292622.561,872756616.35204
2024-07-13,139.47,148.56,137.94,147.66,4354644.3780000005,626156293.06959
2024-07-15,147.66,162.49,147.0,160.62,7416953.976,1155247724.3696198
2024-07-17,160.62,163.8,154.68,159.22,5425287.214,862964431.17678
2024-07-19,159.22,175.1,156.07,173.6,6733309.286,1125112424.63312
2024-07-21,173.6,185.17,170.27,178.9,7030145.936,1254274344.12951
2024-07-23,178.9,182.5,169.72,178.06,7741005.045,1365175733.8601599
2024-07-25,178.07,185.01,165.42,183.06,7889990.674000001,1371188264.0426402
2024-07-27,183.07,188.33,178.11,184.9,5420326.013,997752347.7809601
2024-07-29,184.91,193.98,175.39,179.16,7099058.807,1315278842.0181
2024-07-31,179.16,185.1,157.91,167.37,8774360.142,1500030560.44082
2024-08-02,167.37,169.43,140.0,142.52,10997972.627,1684121946.6486201
2024-08-04,142.53,146.08,110.0,129.78,31305273.104,3982297858.9165998
2024-08-06,129.79,155.0,129.4,144.77,16734951.221,2434324029.47725
2024-08-08,144.78,163.7,141.4,156.28,11401869.193,1777113661.09708
2024-08-10,156.29,158.75,141.2,141.57,5354153.488,809443877.43822
2024-08-12,141.56,150.79,141.2,146.65,7812600.6620000005,1140717956.93843
2024-08-14,146.65,152.18,137.78,142.58,8156187.4629999995,1178777254.87604
2024-08-16,142.58,144.88,136.1,141.93,5596914.708,785926164.2827101
2024-08-18,141.92,147.31,140.33,144.29,5292404.696,759771433.95732
2024-08-20,144.28,148.83,138.7,142.79,5541049.455,795545929.01151
2024-08-22,142.78,154.08,140.63,153.26,5606492.88,818761233.6128199
2024-08-24,153.27,162.3,151.97,158.92,6368170.652000001,1005526224.5292599
2024-08-26,158.92,162.0,145.03,146.79,6968773.807,1086131957.3733
2024-08-28,146.78,149.3,138.05,140.0,7192683.863,1038343055.2895
2024-08-30,140.01,141.11,132.04,135.35,5269007.914000001,721105710.3140199
2024-09-01,135.35,136.15,126.8,134.94,6074760.295,798530312.93073
2024-09-03,134.95,138.13,122.6,133.64,6441441.034,841282896.23964
2024-09-05,133.64,135.58,120.0,125.05,8256289.422,1062096303.1896901
2024-09-07,125.05,131.7,124.13,130.15,4083516.831,522831106.63347
2024-09-09,130.15,138.0,126.96,135.63,5970128.098,792314816.98576
2024-09-11,135.64,136.78,128.2,136.05,5412742.727,721178144.92487
2024-09-13,136.06,139.8,131.7,137.14,4111365.323,560628441.10831
2024-09-15,137.15,137.95,128.91,131.47,3986845.045,528454341.61808
2024-09-17,131.47,135.55,127.07,134.34,5649633.169,741504660.92437
2024-09-19,134.34,152.5,134.27,146.66,8618535.965,1241777369.23178
2024-09-21,146.67,150.25,141.12,144.63,4082696.104,596739843.6912999
2024-09-23,144.64,154.0,142.13,152.73,7241876.704,1059260949.17963
2024-09-25,152.74,158.05,146.57,155.55,6979474.109,1064874444.74083
2024-09-27,155.54,161.43,153.89,156.75,5306495.339,836588429.25972
2024-09-29,156.75,161.78,151.73,152.49,5591340.682,876238175.5903001
2024-10-01,152.51,157.34,138.61,140.18,8808847.537999999,1296083544.2934399
2024-10-03,140.18,144.55,133.11,143.24,6862499.798,953904925.61888
2024-10-05,143.24,146.75,141.06,146.48,2884289.216,415035161.02418005
2024-10-07,146.47,152.4,141.17,143.49,5761583.104,844383797.22007
2024-10-09,143.5,145.34,135.52,139.03,4361300.968,610743812.3747101
2024-10-11,139.04,147.32,138.68,146.4,3616768.466,522189014.25238
2024-10-13,146.39,158.1,144.45,157.59,5586109.978,847090848.84022
2024-10-15,157.59,159.73,150.3,154.28,7331841.460999999,1135215467.56186
2024-10-17,154.28,156.65,147.66,154.94,4494204.066,686046999.0320001
2024-10-19,154.93,167.94,153.45,167.4,4819202.991,768297296.35859
2024-10-21,167.4,171.76,160.99,167.59,8923444.243999999,1490409368.93754
2024-10-23,167.6,179.3,164.13,177.19,8402844.412,1437829105.8857899
2024-10-25,177.19,177.6,159.12,170.88,8729009.862,1480881792.93909
2024-10-27,170.87,179.8,170.26,178.29,6483461.992000001,1139151654.96051
2024-10-29,178.28,183.38,173.01,174.87,6939222.6899999995,1240054081.69907
2024-10-31,174.87,176.56,163.43,166.1,5987191.745,1015982407.76381
2024-11-02,166.11,168.61,157.82,162.53,4348583.432,708540666.25068
2024-11-04,162.52,169.3,155.11,166.62,6457408.196,1050002629.54984
2024-11-06,166.63,197.84,166.4,196.35,14595565.812,2714486681.7844
2024-11-08,196.36,205.0,194.86,199.89,7962549.184,1592241151.42168
2024-11-10,199.89,224.0,198.68,222.13,16903935.198,3573626451.6398897
2024-11-12,222.12,225.21,200.67,215.13,19836043.458,4219546181.70854
2024-11-14,215.14,222.8,204.48,218.45,12729615.632,2724397127.51847
2024-11-16,218.44,242.33,212.1,237.47,12637893.504,2876097545.1357203
2024-11-18,237.47,248.44,233.4,237.63,13081463.763,3155150032.02927
2024-11-20,237.64,259.8,229.6,256.37,14068143.47,3409753514.3302803
2024-11-22,256.38,264.39,251.47,254.89,9991965.132,2575248937.67941
2024-11-24,254.9,259.78,231.21,234.18,8364882.129,2068075341.35289
2024-11-26,234.18,243.33,221.8,241.96,8819905.753,2055605279.47363
2024-11-28,241.96,246.77,232.8,243.33,5584839.139,1340717018.80475
2024-11-30,243.33,245.4,234.1,236.8,4715129.77,1127740015.59851
2024-12-02,236.79,239.6,215.0,233.92,12786665.003,2901955248.81896
2024-12-04,233.92,244.77,222.95,235.84,12358414.197999999,2903955886.6272697
2024-12-06,235.84,247.0,230.92,238.14,8070175.265,1927339317.78216
2024-12-08,238.14,241.51,203.0,216.63,9614421.259,2172084267.07892
2024-12-10,216.62,230.65,203.21,227.29,11707192.538,2539167810.61067
2024-12-12,227.29,234.69,220.6,224.79,6448630.8379999995,1466928896.69365
2024-12-14,224.79,227.51,215.13,224.27,4286562.48,947447266.03309
2024-12-16,224.26,228.95,211.36,223.15,9041145.949,1996542871.01833
2024-12-18,223.16,226.04,187.0,193.81,12968576.449000001,2673108753.8753
2024-12-20,193.82,201.98,175.26,181.45,15036956.285,2818162075.64648
2024-12-22,181.46,193.48,176.48,190.11,7791033.002,1429038456.41999
2024-12-24,190.12,201.85,186.13,197.44,4668222.159,913723382.9328401
2024-12-26,197.45,199.71,182.74,184.22,3992075.745,758413300.25324
2024-12-28,184.22,197.71,183.82,189.94,3055037.886,586276210.08097
2024-12-30,189.94,199.27,185.89,189.31,4877963.75,938843676.04335
2025-01-01,189.31,210.48,188.0,208.31,4880084.084,976728844.30599
2025-01-03,208.3,219.83,205.63,216.67,5194797.9459999995,1114570862.9647899
2025-01-05,216.67,223.18,211.46,218.22,4956403.403,1073059128.50079
2025-01-07,218.22,219.11,188.34,197.48,8189128.514,1660434727.62934
2025-01-09,197.48,199.06,182.0,187.68,7250039.275,1371698716.5419102
2025-01-11,187.69,191.91,184.01,188.51,3535403.1909999996,661642609.74656
2025-01-13,188.5,191.99,168.88,187.57,8407280.677,1525910479.28579
2025-01-15,187.57,217.14,185.84,211.14,9478866.237,1931602604.66313
2025-01-17,211.15,270.67,209.84,261.97,24356454.417999998,5802006761.9526005
2025-01-19,261.97,295.83,229.44,242.19,41931243.161,10949699854.95294
2025-01-21,242.18,272.03,230.0,257.36,14106164.873,3519528903.45645
2025-01-23,257.37,270.18,242.19,253.37,12017057.292,3056266407.35748
2025-01-25,253.36,260.78,240.32,240.5,6732004.825,1700540908.60402
2025-01-27,240.49,244.0,220.89,227.06,12400070.929,2877711510.50819
2025-01-29,227.06,244.7,222.63,238.31,7185459.811000001,1686746636.84067
2025-01-31,238.3,241.82,212.74,213.03,5791914.217,1334256159.63236
2025-02-02,213.03,218.9,175.89,216.28,20092470.598,4034665928.7778196
2025-02-04,216.27,219.97,195.14,196.12,9178996.424,1904481231.1399398
2025-02-06,196.12,203.98,187.39,191.99,7370363.92,1442404951.04804
2025-02-08,192.0,207.37,189.81,200.47,4846735.212,960942437.53343
2025-02-10,200.47,209.05,195.12,197.96,7971078.882999999,1612103938.71129
2025-02-12,197.95,198.56,188.48,194.25,6326305.197000001,1225051114.85933
2025-02-14,194.24,205.34,192.61,194.48,5360986.462,1064973532.2761
2025-02-16,194.47,196.24,174.63,177.53,6296954.592,1162976038.25463
2025-02-18,177.53,179.09,160.88,168.93,9797505.428,1651631001.50953
2025-02-20,168.94,180.52,167.15,168.94,7042436.192,1223964996.47865
2025-02-22,168.94,174.68,166.42,167.94,3375124.216,577119636.94507
2025-02-24,167.94,169.69,131.91,144.33,19744248.06,2861803656.7311
2025-02-26,144.33,145.19,130.65,137.68,9691391.518,1336002724.7825298
2025-02-28,137.68,151.25,125.55,143.66,14191816.371,1966335408.2358801
2025-03-02,143.66,179.85,139.21,142.16,24570841.886,3960131702.86968
2025-03-04,142.16,149.73,130.66,146.28,15285118.919,2145107751.82193
2025-03-06,146.27,152.9,135.04,139.39,11719292.432,1696185459.85176
2025-03-08,139.39,141.09,125.41,126.51,6045247.045,809826859.4677999
2025-03-10,126.52,131.57,112.0,125.35,13089387.194,1603301361.8635502
2025-03-12,125.35,131.33,120.76,123.37,7235087.101,904671794.86312
2025-03-14,123.36,136.53,122.98,135.86,5525802.982,726159357.9535199
2025-03-16,135.86,136.71,125.21,128.01,5471871.986,708104061.19606
2025-03-18,128.01,136.08,121.76,135.33,7352287.6899999995,936563827.9695699
2025-03-20,135.33,136.12,124.81,128.48,4993710.334000001,646249318.2079
2025-03-22,128.47,134.06,127.8,132.84,3261654.182,426269536.41285
2025-03-24,132.85,147.48,132.04,143.64,8084090.3149999995,1144019616.47475
2025-03-26,143.64,145.49,135.63,138.43,5565685.970000001,778443419.79836
2025-03-28,138.44,139.05,122.68,124.58,6502256.880000001,845144420.85619
2025-03-30,124.58,127.81,122.75,124.54,5474404.149,686197718.35987
2025-04-01,124.53,136.21,117.0,117.42,9843186.528,1249522369.97739
2025-04-03,117.42,124.0,112.24,122.79,11575939.598000001,1361341148.95521
2025-04-05,122.8,122.85,103.81,105.91,6718728.285,761576734.07512
2025-04-07,105.9,113.0,95.26,105.4,18469794.775,1941516747.12471
2025-04-09,105.4,121.0,101.26,112.81,14900910.768,1665347630.51298
2025-04-11,112.8,134.11,112.16,132.24,8964332.744,1103510414.48052
2025-04-13,132.24,136.13,125.32,129.42,8204622.053,1072516715.86937
2025-04-15,129.41,134.45,123.49,131.33,8752251.491,1127442278.0251
2025-04-17,131.33,136.2,129.5,134.04,6373801.592,851833056.19647
2025-04-19,134.05,141.96,133.58,137.86,6314136.683,872653523.38877
2025-04-21,137.86,150.23,133.82,148.79,9735810.039,1373609838.85637
2025-04-23,148.78,154.21,144.87,152.55,8337238.954,1251919355.51717
2025-04-25,152.55,157.0,147.75,149.21,5993573.853,912134953.39026
2025-04-27,149.22,153.4,144.63,147.84,5107928.336,759148594.4958
2025-04-29,147.84,150.39,140.32,147.54,5279808.855,772673509.42037
2025-05-01,147.54,153.99,147.3,148.05,5253544.527,790951882.17599
2025-05-03,148.04,149.05,143.5,143.95,3019942.113,443189349.77515996
2025-05-05,143.94,147.73,141.41,146.88,4383306.736,634869051.56692
2025-05-07,146.89,164.6,144.68,164.46,8481188.901999999,1306296318.84731
2025-05-09,164.46,178.98,161.07,177.89,9658275.828,1642982537.47199
2025-05-11,177.89,181.46,168.31,174.22,9456462.497,1657505310.3916202
2025-05-13,174.22,184.88,166.18,176.64,8206198.651000001,1456278963.1237001
2025-05-15,176.63,178.33,166.36,167.4,6312424.395,1081499603.2574
2025-05-17,167.4,176.77,164.01,173.3,5456732.642,921749730.31927
2025-05-19,173.3,173.94,159.44,168.59,7211773.17,1197383622.48982
2025-05-21,168.59,180.87,165.51,179.68,8008833.262,1389613587.7966099
2025-05-23,179.68,187.71,172.5,175.87,8430875.797,1511181038.86479
2025-05-25,175.87,179.02,169.14,174.91,4745088.655,826850411.6906099
2025-05-27,174.92,179.41,168.92,172.21,5103170.244999999,890118280.0218401
2025-05-29,172.22,175.34,155.22,156.2,6412069.48,1059979823.61766
2025-05-31,156.2,158.01,150.59,157.68,4394388.793,680101589.37633
2025-06-02,157.68,163.64,151.67,155.19,5351637.336,841846414.88346
2025-06-04,155.19,157.97,141.53,144.29,6248687.499,945254280.9211099
2025-06-06,144.28,152.84,144.11,150.06,3575995.7290000003,534942643.78613997
2025-06-08,150.07,161.73,147.88,161.16,4643728.631,714980103.55745
2025-06-10,161.16,168.36,156.32,160.97,7608984.1620000005,1241265170.9949
2025-06-12,160.98,161.28,140.21,148.6,8223259.468,1230021750.73453
2025-06-14,148.6,153.54,141.97,152.97,4511994.367,666571029.19402
2025-06-16,152.97,158.8,145.61,147.57,6968845.644,1064936547.28726
2025-06-18,147.58,149.28,142.92,147.04,5086244.709,742253869.01539
2025-06-20,147.04,148.81,130.9,135.43,6219751.352,873438606.7242899
2025-06-22,135.43,146.92,126.0,144.51,8825267.690000001,1184937008.11382
2025-06-24,144.51,147.95,142.25,143.57,4975410.995,720514008.6461401
2025-06-26,143.57,148.0,137.14,142.09,4994355.092,710932568.65639
2025-06-28,142.09,154.77,141.13,153.32,4807862.854,717308403.14135
2025-06-30,153.32,159.99,144.85,146.88,6642252.509,1011931162.14084
2025-07-02,146.87,156.35,145.85,152.36,5338792.484,811424101.0232799
2025-07-04,152.35,153.88,145.22,147.55,3482050.596,517454491.95891
2025-07-06,147.55,153.89,146.78,148.88,4661587.441,702708710.36343
2025-07-08,148.89,157.93,147.85,157.05,5620089.071,857281722.35951
2025-07-10,157.06,168.2,155.64,162.93,7782562.062000001,1262422152.19729
2025-07-12,162.92,164.19,157.74,161.15,3972957.793,641212459.31875
2025-07-14,161.15,168.65,157.23,163.98,7639002.286,1247339086.5064702
2025-07-16,163.98,178.19,161.51,175.87,9511843.85,1631362122.08778
2025-07-18,175.88,184.67,173.24,176.96,7251168.175999999,1295833165.4453
2025-07-20,176.97,199.28,176.33,195.72,10190762.094,1911866256.35654
2025-07-22,195.72,206.3,183.97,189.4,14183764.672,2799368285.62293
2025-07-24,189.4,191.87,175.63,186.76,9698375.311,1777911414.48622
2025-07-26,186.75,190.7,184.29,188.64,4006514.008,749856403.03723
2025-07-28,188.64,195.26,178.3,181.48,6609784.163,1232469730.34744
2025-07-30,181.47,182.7,170.29,172.22,5922091.97,1052388483.28809
2025-08-01,172.22,172.26,155.83,158.48,6525704.390000001,1077343255.70889
2025-08-03,158.49,169.8,156.28,169.55,4986863.4690000005,814762810.21822
2025-08-05,169.55,171.73,161.13,168.09,4352449.438,722962644.9647801
2025-08-07,168.1,179.66,166.7,176.78,6693453.65,1164477791.36742
2025-08-09,176.79,186.18,176.64,182.66,7522791.674,1365201481.10659
2025-08-11,182.67,193.76,173.43,191.78,9035091.688,1644916425.1041
2025-08-13,191.77,209.86,186.68,192.47,16114333.592999998,3205726756.15751
2025-08-15,192.46,198.07,183.3,189.6,6460105.844,1223265626.61449
2025-08-17,189.61,195.89,180.0,182.94,5635630.2530000005,1053674074.64228
2025-08-19,182.94,187.97,175.69,187.94,6725047.632999999,1217049064.63551
2025-08-21,187.95,202.4,177.27,200.69,9508629.992,1796228886.02507
2025-08-23,200.69,211.99,195.26,205.98,11954289.997,2455268772.6651697
2025-08-25,205.99,213.6,185.33,195.86,12687520.274999999,2484431051.87833
2025-08-27,195.85,216.89,193.78,214.43,15082446.7,3139957894.04035
2025-08-29,214.43,218.0,197.52,202.7,12502062.712,2593175727.61404
2025-08-31,202.7,206.66,194.19,197.32,7767991.721,1562579725.3881202
2025-09-02,197.32,213.02,196.77,210.77,8957829.232,1849122690.94872
2025-09-04,210.77,211.94,200.95,203.36,6848174.532,1407834910.41952
2025-09-06,203.37,207.95,199.32,206.35,3699011.76,752034344.39397
2025-09-08,206.35,219.79,205.59,217.21,10708983.648,2293108358.7642097
2025-09-10,217.22,228.95,215.09,228.73,9176542.213,2050970210.80947
2025-09-12,228.73,244.14,228.11,242.38,9197315.196,2198905335.59275
2025-09-14,242.38,249.6,230.15,234.31,8898760.747,2137657198.9435
2025-09-16,234.32,246.62,231.26,244.84,7953156.552999999,1882239621.09651
2025-09-18,244.84,253.51,235.12,238.53,7301876.606,1786019963.0711899
2025-09-20,238.53,241.82,235.32,236.16,2942927.191,702979442.56416
2025-09-22,236.16,236.96,212.34,213.3,9285502.171,2056097332.6009798
2025-09-24,213.29,216.45,191.32,192.74,11188714.817,2291598669.60591
2025-09-26,192.73,205.52,190.8,203.46,7728136.289,1534225921.12778
2025-09-28,203.47,214.74,198.0,212.75,5407358.925,1121968391.49501
2025-09-30,212.74,222.77,204.29,222.04,7315042.4059999995,1553313275.10293
2025-10-02,222.04,237.0,219.52,232.84,8807308.002,2018862696.24349
2025-10-04,232.84,237.22,224.07,228.56,4941044.131,1138093691.31579
2025-10-06,228.56,237.79,219.7,219.97,7382974.132,1695311336.71354
2025-10-08,219.98,229.72,216.53,220.93,6376714.075999999,1420612496.62568
2025-10-10,220.93,224.46,168.79,177.62,16915222.677,3270438729.54121
2025-10-12,177.63,209.28,173.0,208.69,12740161.232,2455684410.80107
2025-10-14,208.69,211.25,191.03,193.84,12718323.314,2545641535.58381
2025-10-16,193.84,198.42,174.06,181.96,11507549.54,2137038831.61621
2025-10-18,181.97,192.29,181.75,187.86,4589805.695,858367982.57079
2025-10-20,187.86,197.71,182.72,185.63,7829084.12,1485793006.40818
2025-10-22,185.62,193.45,177.04,191.35,7478963.83,1388912265.02279
2025-10-24,191.36,197.0,188.83,193.84,4983601.564,960169720.6850799
2025-10-26,193.84,205.33,191.9,198.7,6093359.517,1217457855.84667
2025-10-28,198.71,203.99,189.37,193.88,8950057.79,1763750459.7403898
2025-10-30,193.89,198.19,178.65,187.21,8247932.103,1547543112.0457401
2025-11-01,187.21,188.34,182.0,187.71,3245802.777,602751053.56381
2025-11-03,187.71,189.13,145.85,155.03,15616190.628,2568837928.24614
2025-11-05,155.04,163.97,147.29,155.28,8227285.015000001,1297701069.50459
2025-11-07,155.27,164.89,149.82,158.02,6716005.212,1061447946.7400901
2025-11-09,158.01,170.48,155.11,167.31,6860750.701,1127819171.3738499
2025-11-11,167.31,171.94,151.2,153.42,8841309.68,1412018562.0717201
2025-11-13,153.43,157.2,135.76,138.92,11594614.844,1683721642.24443
2025-11-15,138.93,144.69,134.42,137.17,5736912.306,801352734.44162
2025-11-17,137.17,143.28,128.82,140.69,11153569.585,1523518011.65583
2025-11-19,140.68,144.8,130.53,133.67,11316721.268,1556380165.69977
2025-11-21,133.67,135.06,121.66,127.59,10898373.552000001,1391515924.84492
2025-11-23,127.6,139.87,127.56,138.44,7563572.236,1001597113.1519301
2025-11-25,138.43,144.75,133.13,143.02,7016682.523,971320860.5559599
2025-11-27,143.01,144.29,136.01,137.33,5834183.22,822516778.6151199
2025-11-29,137.33,140.19,133.26,133.48,4467486.5,612055350.30094
2025-12-01,133.48,140.88,123.11,138.68,10030360.804000001,1310305661.2269301
2025-12-03,138.67,146.91,137.76,139.01,6648387.046,944140563.3381901
2025-12-05,139.01,140.75,130.73,132.19,4708954.574,635448637.08868
2025-12-07,132.2,139.36,127.7,133.25,6376919.916999999,854062755.2951801
2025-12-09,133.24,144.93,131.62,136.26,9028752.309999999,1248079696.81604
2025-12-11,136.26,140.12,129.0,132.27,8383305.298,1124176934.38465
2025-12-13,132.28,134.28,127.98,129.4,3204098.3720000004,422963369.40943
2025-12-15,129.39,135.43,123.63,129.15,6807214.998,873891034.4447501
2025-12-17,129.15,133.99,116.88,119.6,9316375.224,1163589088.36675
2025-12-19,119.6,127.87,117.61,125.81,5319902.178,663695206.2838299
2025-12-21,125.8,128.78,123.4,125.93,4479692.335,564366311.18026
2025-12-23,125.93,126.93,120.63,122.53,4045481.37,499425024.88955
2025-12-25,122.52,125.14,119.24,122.26,5144841.71,630459802.9969
2025-12-27,122.27,125.64,121.86,125.27,3186762.563,394477356.56879
2025-12-29,125.27,130.16,122.36,125.01,6788226.621,852454081.99167
2025-12-31,125.02,132.75,122.99,126.9,4675308.636,585562542.84999
2026-01-02,126.91,133.99,125.84,133.37,4444850.871,578509109.13881
2026-01-04,133.37,139.87,133.12,137.9,5136836.597,695896253.8152
2026-01-06,137.91,143.48,134.41,136.39,6093437.295,845631681.78598
2026-01-08,136.39,141.17,132.67,135.97,6891985.831,947882035.80302
2026-01-10,135.96,141.6,135.37,139.7,3210750.21,442531737.55645996
2026-01-12,139.69,148.74,137.82,145.51,8355202.559,1186272859.42606
2026-01-14,145.52,148.44,140.9,142.4,6157220.517,893237923.60325
2026-01-16,142.41,145.55,140.26,143.72,2736033.787,392149394.7112
2026-01-18,143.73,144.0,130.0,133.44,4849963.468,664183025.32729
2026-01-20,133.44,134.63,124.68,129.54,6694160.24,862928016.51553
2026-01-22,129.53,130.94,125.28,127.43,3855649.539,494814631.80476
2026-01-24,127.43,128.12,117.15,118.85,5348299.444,651969438.4271
2026-01-26,118.85,127.84,118.53,127.19,4392260.404999999,544815482.7737601
2026-01-28,127.18,128.34,115.39,117.82,5728477.001,697531265.3179901
2026-01-30,117.82,119.12,96.4,105.58,13328405.068,1472605562.4338799
2026-02-01,105.58,106.69,95.95,104.55,9778288.732,999448604.18893
2026-02-03,104.54,105.1,89.3,92.12,10765477.486000001,1045729008.12887
2026-02-05,92.11,93.43,67.5,87.46,22054451.246,1819097108.83329
2026-02-07,87.45,89.2,84.16,86.99,7021648.163000001,611682852.36936
2026-02-09,86.99,88.69,81.91,82.99,6642864.521,566529827.3729999
2026-02-11,82.99,84.39,76.6,78.4,7011143.437,562351131.0415
2026-02-13,78.39,88.9,77.53,88.06,6068997.487,510154984.56139994
2026-02-15,88.06,91.26,82.55,86.45,7488837.211,648797329.32422
2026-02-17,86.45,87.69,80.48,81.61,5912259.835000001,496963326.08908
2026-02-19,81.61,85.49,79.61,84.67,6602834.249,545737507.45267
2026-02-21,84.68,86.72,82.48,82.79,3579601.4579999996,303583655.94192004
2026-02-23,82.8,82.85,75.63,78.99,8756201.759,685887326.6563101
2026-02-25,78.99,92.1,78.73,85.91,8989640.394,773704628.14678
2026-02-27,85.91,88.29,77.12,84.35,8108199.238,663390502.62693
2026-03-01,84.35,90.29,81.69,86.64,9558627.482,821170649.17229
2026-03-03,86.65,94.05,82.5,90.85,10466674.128,921503786.2597001
2026-03-05,90.86,92.96,83.64,84.7,6889035.25,608823387.56596
2026-03-07,84.69,85.07,80.26,81.59,3568247.408,295959997.68123
2026-03-09,81.6,88.8,81.54,85.88,7237952.423,619510608.67388
2026-03-11,85.88,88.09,84.36,86.84,6095856.887,526045612.85315996
2026-03-13,86.83,92.98,86.51,88.03,6438521.6559999995,575405912.85181
2026-03-15,88.04,97.68,87.36,96.2,8236197.726,762817622.6468
2026-03-17,96.19,96.95,88.55,90.08,6127419.144,569019120.33978
2026-03-19,90.07,91.41,87.0,89.84,4810954.462,428520774.92259
2026-03-21,89.85,90.81,85.14,86.2,3379932.356,297816171.39866
2026-03-23,86.21,92.26,85.11,90.8,7647748.914000001,687628263.27593
2026-03-25,90.8,93.47,85.45,86.53,6218727.534,558222030.88977
2026-03-27,86.52,87.04,81.69,82.09,4507572.169,377683507.53086996
2026-03-29,82.09,84.99,78.96,82.54,4650528.1620000005,385224234.15527
2026-03-31,82.55,86.65,80.08,81.18,8949303.546,740544101.19257
2026-04-02,81.19,81.77,76.7,80.4,6440864.0030000005,511057131.27371997
2026-04-04,80.39,82.13,78.52,81.89,3295369.325,264769005.0122
2026-04-06,81.89,87.02,78.38,85.56,7042969.083999999,575738094.941
2026-04-08,85.56,85.95,81.4,83.33,5728686.177,479199959.59582996
2026-04-10,83.33,86.26,82.62,84.93,3756980.226,316837025.42161
2026-04-12,84.94,86.81,81.27,86.51,5125182.2809999995,425929140.13703
