slug,mode,signal_number,signal_timestamp,entry_timestamp,exit_timestamp,current_close,entry_open,exit_close,mean_final_pred_close,forecast_return,upside_probability,position,actual_return_from_current,actual_return_from_entry,actual_up_from_current,actual_dir_from_entry,mean_pred_up,forecast_direction_correct,prob_signal_correct,directional_edge,gross_return,net_return
nq_1d_every_bar_last160,every_bar,1,2025-01-16 23:00:00,2025-01-19 23:00:00,2025-02-23 23:00:00,21594.75,21600.0,21420.25,20712.86953125,-0.040837725315180776,0.0,-1,-0.008080667754894133,-0.008321759259259265,False,-1,False,True,True,0.008321759259259265,0.008321759259259265,0.006921759259259265
nq_1d_every_bar_last160,every_bar,2,2025-01-19 23:00:00,2025-01-21 23:00:00,2025-02-24 23:00:00,21709.5,21809.25,21149.0,21405.3734375,-0.014008916027545549,0.4,-1,-0.025818190193233392,-0.030273851691369535,False,-1,False,True,True,0.030273851691369535,0.030273851691369535,0.028873851691369537
nq_1d_every_bar_last160,every_bar,3,2025-01-21 23:00:00,2025-01-22 23:00:00,2025-02-25 23:00:00,22000.5,21981.75,21187.0,21499.346875,-0.022779169791595666,0.2,-1,-0.036976432353810096,-0.03615499220944651,False,-1,False,True,True,0.03615499220944651,0.03615499220944651,0.034754992209446514
nq_1d_every_bar_last160,every_bar,4,2025-01-22 23:00:00,2025-01-23 23:00:00,2025-02-26 23:00:00,22038.25,22018.5,20605.75,21635.144921875,-0.01829115642689414,0.2,-1,-0.06500062391523831,-0.06416195471989461,False,-1,False,True,True,0.06416195471989461,0.06416195471989461,0.06276195471989461
nq_1d_every_bar_last160,every_bar,5,2025-01-23 23:00:00,2025-01-26 23:00:00,2025-02-27 23:00:00,21911.25,21771.0,20919.5,21935.0,0.001083918078612589,0.4,-1,-0.04526213703006443,-0.03911166230306373,False,-1,True,False,True,0.03911166230306373,0.03911166230306373,0.037711662303063734
nq_1d_every_bar_last160,every_bar,6,2025-01-26 23:00:00,2025-01-27 23:00:00,2025-03-02 23:00:00,21258.5,21343.25,20468.25,21915.248828125,0.0308934698179552,0.8,1,-0.03717336594773857,-0.040996568001593015,False,-1,True,False,False,-0.040996568001593015,-0.040996568001593015,-0.04239656800159301
nq_1d_every_bar_last160,every_bar,7,2025-01-27 23:00:00,2025-01-28 23:00:00,2025-03-03 23:00:00,21581.75,21559.0,20399.0,21464.60078125,-0.0054281612357663265,0.4,-1,-0.05480324811472659,-0.05380583515005333,False,-1,False,True,True,0.05380583515005333,0.05380583515005333,0.05240583515005333
nq_1d_every_bar_last160,every_bar,8,2025-01-28 23:00:00,2025-01-29 23:00:00,2025-03-04 23:00:00,21523.25,21547.75,20665.0,21901.472265625,0.017572730216161615,0.6,1,-0.039875483488785335,-0.040967154343260925,False,-1,True,False,False,-0.040967154343260925,-0.040967154343260925,-0.042367154343260924
nq_1d_every_bar_last160,every_bar,9,2025-01-29 23:00:00,2025-01-30 23:00:00,2025-03-05 23:00:00,21624.75,21680.0,20089.25,22600.5703125,0.04512516040647865,0.8,1,-0.07100660123238423,-0.07337407749077496,False,-1,True,False,False,-0.07337407749077496,-0.07337407749077496,-0.07477407749077496
nq_1d_every_bar_last160,every_bar,10,2025-01-30 23:00:00,2025-02-02 23:00:00,2025-03-06 23:00:00,21589.25,21200.0,20229.75,21658.002734375,0.0031845818810287475,0.4,-1,-0.06297115462556602,-0.04576650943396221,False,-1,True,False,True,0.04576650943396221,0.04576650943396221,0.04436650943396221
nq_1d_every_bar_last160,every_bar,11,2025-02-02 23:00:00,2025-02-03 23:00:00,2025-03-09 22:00:00,21405.0,21592.0,19452.75,21260.245703125,-0.006762639424199945,0.2,-1,-0.09120532585844432,-0.09907604668395698,False,-1,False,True,True,0.09907604668395698,0.09907604668395698,0.09767604668395698
nq_1d_every_bar_last160,every_bar,12,2025-02-03 23:00:00,2025-02-04 23:00:00,2025-03-10 22:00:00,21670.25,21562.0,19399.0,20828.91484375,-0.03882443240156432,0.2,-1,-0.10480958918332739,-0.10031536963175958,False,-1,False,True,True,0.10031536963175958,0.10031536963175958,0.09891536963175958
nq_1d_every_bar_last160,every_bar,13,2025-02-04 23:00:00,2025-02-05 23:00:00,2025-03-11 22:00:00,21763.0,21764.5,19618.5,22235.984765625,0.021733435906125087,0.8,1,-0.09853880439277674,-0.0986009327115257,False,-1,True,False,False,-0.0986009327115257,-0.0986009327115257,-0.1000009327115257
nq_1d_every_bar_last160,every_bar,14,2025-02-05 23:00:00,2025-02-06 23:00:00,2025-03-12 22:00:00,21871.75,21817.75,19249.0,22247.289453125,0.017170068838798902,0.6,1,-0.11991495879387792,-0.11773670520562385,False,-1,True,False,False,-0.11773670520562385,-0.11773670520562385,-0.11913670520562385
nq_1d_every_bar_last160,every_bar,15,2025-02-06 23:00:00,2025-02-09 23:00:00,2025-03-13 22:00:00,21590.75,21463.25,19712.0,22048.09609375,0.021182501476326655,0.4,-1,-0.08701643064738374,-0.08159295540051015,False,-1,True,False,True,0.08159295540051015,0.08159295540051015,0.08019295540051015
nq_1d_every_bar_last160,every_bar,16,2025-02-09 23:00:00,2025-02-10 23:00:00,2025-03-16 22:00:00,21846.5,21832.0,19831.75,21367.78046875,-0.02191287076877304,0.2,-1,-0.0922230105508891,-0.09162009893733969,False,-1,False,True,True,0.09162009893733969,0.09162009893733969,0.09022009893733969
nq_1d_every_bar_last160,every_bar,17,2025-02-10 23:00:00,2025-02-11 23:00:00,2025-03-17 22:00:00,21786.75,21794.25,19701.75,21476.54609375,-0.014238190930267259,0.2,-1,-0.09570036834314433,-0.09601156268281774,False,-1,False,True,True,0.09601156268281774,0.09601156268281774,0.09461156268281774
nq_1d_every_bar_last160,every_bar,18,2025-02-11 23:00:00,2025-02-12 23:00:00,2025-03-18 22:00:00,21804.75,21861.25,19951.0,21974.751171875,0.007796520110297101,0.6,1,-0.08501587956752543,-0.08738063925896278,False,-1,True,False,False,-0.08738063925896278,-0.08738063925896278,-0.08878063925896278
nq_1d_every_bar_last160,every_bar,19,2025-02-12 23:00:00,2025-02-13 23:00:00,2025-03-19 22:00:00,22113.25,22071.0,19879.25,22157.085546875,0.00198232041310078,0.6,1,-0.10102540332153798,-0.09930451723981693,False,-1,True,False,False,-0.09930451723981693,-0.09930451723981693,-0.10070451723981692
nq_1d_every_bar_last160,every_bar,20,2025-02-13 23:00:00,2025-02-16 23:00:00,2025-03-20 22:00:00,22196.25,22235.75,19961.0,22777.05859375,0.026166969364194426,0.6,1,-0.10070394773891989,-0.10230147397771605,False,-1,True,False,False,-0.10230147397771605,-0.10230147397771605,-0.10370147397771605
nq_1d_every_bar_last160,every_bar,21,2025-02-16 23:00:00,2025-02-18 23:00:00,2025-03-23 22:00:00,22232.25,22224.5,20374.25,22670.1578125,0.019696963307807368,0.4,-1,-0.08357228800503769,-0.08325271659654887,False,-1,True,False,True,0.08325271659654887,0.08325271659654887,0.08185271659654887
nq_1d_every_bar_last160,every_bar,22,2025-02-18 23:00:00,2025-02-19 23:00:00,2025-03-24 22:00:00,22250.5,22213.0,20488.5,21497.91328125,-0.03382336211545809,0.0,-1,-0.07918923170265835,-0.0776347184081394,False,-1,False,True,True,0.0776347184081394,0.0776347184081394,0.0762347184081394
nq_1d_every_bar_last160,every_bar,23,2025-02-19 23:00:00,2025-02-20 23:00:00,2025-03-25 22:00:00,22141.75,22136.0,20116.5,22610.187890625,0.021156317392482516,0.4,-1,-0.09146747659963639,-0.09123147813516441,False,-1,True,False,True,0.09123147813516441,0.09123147813516441,0.08983147813516441
nq_1d_every_bar_last160,every_bar,24,2025-02-20 23:00:00,2025-02-23 23:00:00,2025-03-26 22:00:00,21679.25,21700.75,19990.25,22102.52890625,0.019524610226368512,0.8,1,-0.07790859923659721,-0.07882216052440583,False,-1,True,False,False,-0.07882216052440583,-0.07882216052440583,-0.08022216052440583
nq_1d_every_bar_last160,every_bar,25,2025-02-23 23:00:00,2025-02-24 23:00:00,2025-03-27 22:00:00,21420.25,21442.5,19457.0,21579.4609375,0.007432730126865938,0.4,-1,-0.09165392560777774,-0.09259647895534573,False,-1,True,False,True,0.09259647895534573,0.09259647895534573,0.09119647895534573
nq_1d_every_bar_last160,every_bar,26,2025-02-24 23:00:00,2025-02-25 23:00:00,2025-03-30 22:00:00,21149.0,21230.5,19439.5,21680.312109375,0.025122327740082273,1.0,1,-0.08083124497612182,-0.08435976543180801,False,-1,True,False,False,-0.08435976543180801,-0.08435976543180801,-0.08575976543180801
nq_1d_every_bar_last160,every_bar,27,2025-02-25 23:00:00,2025-02-26 23:00:00,2025-03-31 22:00:00,21187.0,21249.0,19604.5,22247.16796875,0.05003860710577244,1.0,1,-0.07469202813045739,-0.07739187726481245,False,-1,True,False,False,-0.07739187726481245,-0.07739187726481245,-0.07879187726481245
nq_1d_every_bar_last160,every_bar,28,2025-02-26 23:00:00,2025-02-27 23:00:00,2025-04-01 22:00:00,20605.75,20649.5,19758.0,21542.5078125,0.04546099086420052,1.0,1,-0.041141428970069005,-0.043172958183006815,False,-1,True,False,False,-0.043172958183006815,-0.043172958183006815,-0.044572958183006814
nq_1d_every_bar_last160,every_bar,29,2025-02-27 23:00:00,2025-03-02 23:00:00,2025-04-02 22:00:00,20919.5,21005.25,18675.5,21456.498046875,0.025669736220989958,0.8,1,-0.10726833815339754,-0.11091274800347528,False,-1,True,False,False,-0.11091274800347528,-0.11091274800347528,-0.11231274800347528
nq_1d_every_bar_last160,every_bar,30,2025-03-02 23:00:00,2025-03-03 23:00:00,2025-04-03 22:00:00,20468.25,20527.0,17539.0,21203.947265625,0.03594333983730902,1.0,1,-0.14311189280959535,-0.14556437862327665,False,-1,True,False,False,-0.14556437862327665,-0.14556437862327665,-0.14696437862327666
nq_1d_every_bar_last160,every_bar,31,2025-03-03 23:00:00,2025-03-04 23:00:00,2025-04-06 22:00:00,20399.0,20555.0,17563.25,21538.88984375,0.05587969232560419,0.8,1,-0.13901416736114514,-0.14554852833860377,False,-1,True,False,False,-0.14554852833860377,-0.14554852833860377,-0.14694852833860378
nq_1d_every_bar_last160,every_bar,32,2025-03-04 23:00:00,2025-03-05 23:00:00,2025-04-07 22:00:00,20665.0,20605.25,17243.75,21008.393359375,0.01661714780425836,0.6,1,-0.16555770626663435,-0.16313803520947334,False,-1,True,False,False,-0.16313803520947334,-0.16313803520947334,-0.16453803520947335
nq_1d_every_bar_last160,every_bar,33,2025-03-05 23:00:00,2025-03-06 23:00:00,2025-04-08 22:00:00,20089.25,20214.5,19288.75,19772.166015625,-0.015783764171136316,0.6,1,-0.03984718195054571,-0.04579633431447727,False,-1,False,True,False,-0.04579633431447727,-0.04579633431447727,-0.04719633431447727
nq_1d_every_bar_last160,every_bar,34,2025-03-06 23:00:00,2025-03-09 22:00:00,2025-04-09 22:00:00,20229.75,20147.0,18484.5,20641.269140625,0.020342275145515877,0.8,1,-0.086271456641827,-0.08251848910507764,False,-1,True,False,False,-0.08251848910507764,-0.08251848910507764,-0.08391848910507764
nq_1d_every_bar_last160,every_bar,35,2025-03-09 22:00:00,2025-03-10 22:00:00,2025-04-10 22:00:00,19452.75,19440.0,18807.5,20687.64921875,0.06348198680135202,0.8,1,-0.03317011733559527,-0.03253600823045266,False,-1,True,False,False,-0.03253600823045266,-0.03253600823045266,-0.03393600823045266
nq_1d_every_bar_last160,every_bar,36,2025-03-10 22:00:00,2025-03-11 22:00:00,2025-04-13 22:00:00,19399.0,19412.75,18934.75,20230.50703125,0.04286339663126961,1.0,1,-0.023931645961132064,-0.02462299262082912,False,-1,True,False,False,-0.02462299262082912,-0.02462299262082912,-0.02602299262082912
nq_1d_every_bar_last160,every_bar,37,2025-03-11 22:00:00,2025-03-12 22:00:00,2025-04-14 22:00:00,19618.5,19572.0,18960.25,19808.073828125,0.009663013386599384,0.6,1,-0.03355251420852767,-0.03125638667484165,False,-1,True,False,False,-0.03125638667484165,-0.03125638667484165,-0.03265638667484165
nq_1d_every_bar_last160,every_bar,38,2025-03-12 22:00:00,2025-03-13 22:00:00,2025-04-15 22:00:00,19249.0,19312.75,18385.25,20245.569140625,0.051772514968310035,0.8,1,-0.0448724609070601,-0.0480252682813167,False,-1,True,False,False,-0.0480252682813167,-0.0480252682813167,-0.0494252682813167
nq_1d_every_bar_last160,every_bar,39,2025-03-13 22:00:00,2025-03-16 22:00:00,2025-04-16 22:00:00,19712.0,19668.25,18380.75,20368.940234375,0.033326919357497965,0.8,1,-0.0675350040584416,-0.06546083154322324,False,-1,True,False,False,-0.06546083154322324,-0.06546083154322324,-0.06686083154322324
nq_1d_every_bar_last160,every_bar,40,2025-03-16 22:00:00,2025-03-17 22:00:00,2025-04-20 22:00:00,19831.75,20041.0,17922.25,20803.51796875,0.04900061612061468,1.0,1,-0.09628499754182052,-0.1057207724165461,False,-1,True,False,False,-0.1057207724165461,-0.1057207724165461,-0.10712077241654609
nq_1d_every_bar_last160,every_bar,41,2025-03-17 22:00:00,2025-03-18 22:00:00,2025-04-21 22:00:00,19701.75,19704.75,18385.0,20317.895703125,0.031273653514281755,0.8,1,-0.0668341644777748,-0.06697623669419805,False,-1,True,False,False,-0.06697623669419805,-0.06697623669419805,-0.06837623669419805
nq_1d_every_bar_last160,every_bar,42,2025-03-18 22:00:00,2025-03-19 22:00:00,2025-04-22 22:00:00,19951.0,19949.75,18804.0,20879.77578125,0.04655284352914646,1.0,1,-0.05749085258884268,-0.05743179739094473,False,-1,True,False,False,-0.05743179739094473,-0.05743179739094473,-0.058831797390944726
nq_1d_every_bar_last160,every_bar,43,2025-03-19 22:00:00,2025-03-20 22:00:00,2025-04-23 22:00:00,19879.25,19898.5,19322.0,20680.28359375,0.04029496051158872,0.8,1,-0.02803174164015243,-0.028972033067819147,False,-1,True,False,False,-0.028972033067819147,-0.028972033067819147,-0.030372033067819146
nq_1d_every_bar_last160,every_bar,44,2025-03-20 22:00:00,2025-03-23 22:00:00,2025-04-24 22:00:00,19961.0,20050.5,19535.25,20196.53515625,0.011799767358849777,0.8,1,-0.02132909172887132,-0.025697613525847207,False,-1,True,False,False,-0.025697613525847207,-0.025697613525847207,-0.027097613525847206
nq_1d_every_bar_last160,every_bar,45,2025-03-23 22:00:00,2025-03-24 22:00:00,2025-04-27 22:00:00,20374.25,20353.0,19528.0,20711.030078125,0.01652969204387893,1.0,1,-0.04153527123697809,-0.04053456492900309,False,-1,True,False,False,-0.04053456492900309,-0.04053456492900309,-0.04193456492900309
nq_1d_every_bar_last160,every_bar,46,2025-03-24 22:00:00,2025-03-25 22:00:00,2025-04-28 22:00:00,20488.5,20511.5,19642.0,21069.517578125,0.028358229159040384,1.0,1,-0.04131586011665078,-0.04239085391122055,False,-1,True,False,False,-0.04239085391122055,-0.04239085391122055,-0.04379085391122055
nq_1d_every_bar_last160,every_bar,47,2025-03-25 22:00:00,2025-03-26 22:00:00,2025-04-29 22:00:00,20116.5,20046.0,19658.5,20486.4421875,0.018389987696666953,0.8,1,-0.022767380011433414,-0.019330539758555365,False,-1,True,False,False,-0.019330539758555365,-0.019330539758555365,-0.020730539758555364
nq_1d_every_bar_last160,every_bar,48,2025-03-26 22:00:00,2025-03-27 22:00:00,2025-04-30 22:00:00,19990.25,19995.25,19870.75,20636.34765625,0.03232063912407299,1.0,1,-0.005977914233188719,-0.006226478788712297,False,-1,True,False,False,-0.006226478788712297,-0.006226478788712297,-0.007626478788712298
nq_1d_every_bar_last160,every_bar,49,2025-03-27 22:00:00,2025-03-30 22:00:00,2025-05-01 22:00:00,19457.0,19319.75,20195.25,19866.23984375,0.021033039201829685,0.8,1,0.037942642750681044,0.04531632138097019,True,1,True,True,True,0.04531632138097019,0.04531632138097019,0.043916321380970194
nq_1d_every_bar_last160,every_bar,50,2025-03-30 22:00:00,2025-03-31 22:00:00,2025-05-04 22:00:00,19439.5,19411.25,20055.5,20192.835546875,0.03875282527199773,0.8,1,0.03168805782041728,0.033189516388692164,True,1,True,True,True,0.033189516388692164,0.033189516388692164,0.031789516388692166
nq_1d_every_bar_last160,every_bar,51,2025-03-31 22:00:00,2025-04-01 22:00:00,2025-05-05 22:00:00,19604.5,19600.5,19876.5,20116.27578125,0.02610501574893518,0.6,1,0.013874365579331194,0.01408127343690202,True,1,True,True,True,0.01408127343690202,0.01408127343690202,0.01268127343690202
nq_1d_every_bar_last160,every_bar,52,2025-04-01 22:00:00,2025-04-02 22:00:00,2025-05-06 22:00:00,19758.0,19020.0,19961.0,20734.657421875,0.04943098602464826,0.8,1,0.010274319263083198,0.049474237644584695,True,1,True,True,True,0.049474237644584695,0.049474237644584695,0.0480742376445847
nq_1d_every_bar_last160,every_bar,53,2025-04-02 22:00:00,2025-04-03 22:00:00,2025-05-07 22:00:00,18675.5,18660.0,20148.0,18149.644921875,-0.02815748323338061,0.4,-1,0.07884661722577713,0.07974276527331181,True,1,False,False,False,-0.07974276527331181,-0.07974276527331181,-0.08114276527331181
nq_1d_every_bar_last160,every_bar,54,2025-04-03 22:00:00,2025-04-06 22:00:00,2025-05-08 22:00:00,17539.0,17100.0,20136.75,18511.730078125,0.05546097714379383,0.8,1,0.1481127772392954,0.17758771929824557,True,1,True,True,True,0.17758771929824557,0.17758771929824557,0.17618771929824556
nq_1d_every_bar_last160,every_bar,55,2025-04-06 22:00:00,2025-04-07 22:00:00,2025-05-11 22:00:00,17563.25,17665.0,20948.75,17803.526171875,0.013680621290194006,0.6,1,0.19276045151096755,0.18589017831870924,True,1,True,True,True,0.18589017831870924,0.18589017831870924,0.18449017831870923
nq_1d_every_bar_last160,every_bar,56,2025-04-07 22:00:00,2025-04-08 22:00:00,2025-05-12 22:00:00,17243.75,17220.25,21278.0,18250.789453125,0.0584002582457412,0.8,1,0.23395433127944898,0.2356382747056518,True,1,True,True,True,0.2356382747056518,0.2356382747056518,0.23423827470565178
nq_1d_every_bar_last160,every_bar,57,2025-04-08 22:00:00,2025-04-09 22:00:00,2025-05-13 22:00:00,19288.75,19266.75,21392.5,19609.873828125,0.016648244605015884,0.6,1,0.10906616551098436,0.11033256776571032,True,1,True,True,True,0.11033256776571032,0.11033256776571032,0.10893256776571032
nq_1d_every_bar_last160,every_bar,58,2025-04-09 22:00:00,2025-04-10 22:00:00,2025-05-14 22:00:00,18484.5,18464.75,21400.25,18653.258984375,0.009129756518975362,0.6,1,0.15774026887392134,0.15897859434869144,True,1,True,True,True,0.15897859434869144,0.15897859434869144,0.15757859434869143
nq_1d_every_bar_last160,every_bar,59,2025-04-10 22:00:00,2025-04-13 22:00:00,2025-05-15 22:00:00,18807.5,19225.0,21506.0,17865.176953125,-0.05010357819353983,0.2,-1,0.14347999468297212,0.11864759427828342,True,1,False,False,False,-0.11864759427828342,-0.11864759427828342,-0.12004759427828342
nq_1d_every_bar_last160,every_bar,60,2025-04-13 22:00:00,2025-04-14 22:00:00,2025-05-18 22:00:00,18934.75,18902.5,21527.0,19236.450390625,0.015933687565191,0.6,1,0.13690436895126679,0.13884406824494122,True,1,True,True,True,0.13884406824494122,0.13884406824494122,0.1374440682449412
nq_1d_every_bar_last160,every_bar,61,2025-04-14 22:00:00,2025-04-15 22:00:00,2025-05-19 22:00:00,18960.25,18790.0,21447.25,19663.30078125,0.03708024848037348,0.6,1,0.13116915652483496,0.14141830761043117,True,1,True,True,True,0.14141830761043117,0.14141830761043117,0.14001830761043116
nq_1d_every_bar_last160,every_bar,62,2025-04-15 22:00:00,2025-04-16 22:00:00,2025-05-20 22:00:00,18385.25,18391.25,21156.75,18726.10703125,0.01853970064317865,0.6,1,0.15074584245522904,0.1503704207163732,True,1,True,True,True,0.1503704207163732,0.1503704207163732,0.14897042071637318
nq_1d_every_bar_last160,every_bar,63,2025-04-16 22:00:00,2025-04-20 22:00:00,2025-05-21 22:00:00,18380.75,18306.25,21178.25,18746.608984375,0.01990446441929734,0.6,1,0.15219727160208363,0.15688630932058723,True,1,True,True,True,0.15688630932058723,0.15688630932058723,0.1554863093205872
nq_1d_every_bar_last160,every_bar,64,2025-04-20 22:00:00,2025-04-21 22:00:00,2025-05-22 22:00:00,17922.25,17914.0,20975.0,17854.606640625,-0.0037742671469821244,0.6,1,0.17033296600594228,0.17087194373115988,True,1,False,False,True,0.17087194373115988,0.17087194373115988,0.16947194373115987
nq_1d_every_bar_last160,every_bar,65,2025-04-21 22:00:00,2025-04-22 22:00:00,2025-05-25 22:00:00,18385.0,18646.0,21460.5,17977.794140625,-0.02214880932145773,0.4,-1,0.16728311123198258,0.1509439021774106,True,1,False,False,False,-0.1509439021774106,-0.1509439021774106,-0.15234390217741062
nq_1d_every_bar_last160,every_bar,66,2025-04-22 22:00:00,2025-04-23 22:00:00,2025-05-27 22:00:00,18804.0,18826.5,21379.75,19128.32421875,0.017247618525313778,0.8,1,0.13697883429057645,0.13562000371816318,True,1,True,True,True,0.13562000371816318,0.13562000371816318,0.13422000371816317
nq_1d_every_bar_last160,every_bar,67,2025-04-23 22:00:00,2025-04-24 22:00:00,2025-05-28 22:00:00,19322.0,19405.0,21408.5,19398.723046875,0.00397076114662045,0.4,-1,0.10798571576441351,0.10324658593146085,True,1,True,True,False,-0.10324658593146085,-0.10324658593146085,-0.10464658593146085
nq_1d_every_bar_last160,every_bar,68,2025-04-24 22:00:00,2025-04-27 22:00:00,2025-05-29 22:00:00,19535.25,19524.5,21376.75,19712.965625,0.00909717689817129,0.6,1,0.09426549442674137,0.0948679863760915,True,1,True,True,True,0.0948679863760915,0.0948679863760915,0.09346798637609151
nq_1d_every_bar_last160,every_bar,69,2025-04-27 22:00:00,2025-04-28 22:00:00,2025-06-01 22:00:00,19528.0,19478.25,21534.5,20073.207421875,0.02791926576582342,0.8,1,0.10274989758295772,0.10556646515985779,True,1,True,True,True,0.10556646515985779,0.10556646515985779,0.1041664651598578
nq_1d_every_bar_last160,every_bar,70,2025-04-28 22:00:00,2025-04-29 22:00:00,2025-06-02 22:00:00,19642.0,19599.75,21706.0,20488.82734375,0.04311309152581204,1.0,1,0.10508094898686493,0.10746310539675252,True,1,True,True,True,0.10746310539675252,0.10746310539675252,0.10606310539675252
nq_1d_every_bar_last160,every_bar,71,2025-04-29 22:00:00,2025-04-30 22:00:00,2025-06-03 22:00:00,19658.5,19834.0,21766.5,20566.030078125,0.04616476730803467,1.0,1,0.10723096879212557,0.09743369970757287,True,1,True,True,True,0.09743369970757287,0.09743369970757287,0.09603369970757288
nq_1d_every_bar_last160,every_bar,72,2025-04-30 22:00:00,2025-05-01 22:00:00,2025-06-04 22:00:00,19870.75,19782.5,21582.25,20051.176953125,0.009080027332888773,0.4,-1,0.08613162563063792,0.09097687349930483,True,1,True,True,False,-0.09097687349930483,-0.09097687349930483,-0.09237687349930483
nq_1d_every_bar_last160,every_bar,73,2025-05-01 22:00:00,2025-05-04 22:00:00,2025-06-05 22:00:00,20195.25,20181.5,21789.5,20281.3953125,0.004265622485485477,0.8,1,0.07894183038090641,0.07967693184351998,True,1,True,True,True,0.07967693184351998,0.07967693184351998,0.07827693184351998
nq_1d_every_bar_last160,every_bar,74,2025-05-04 22:00:00,2025-05-05 22:00:00,2025-06-08 22:00:00,20055.5,20014.25,21821.5,20614.040625,0.027849748198748414,0.6,1,0.08805564558350576,0.09029816255917655,True,1,True,True,True,0.09029816255917655,0.09029816255917655,0.08889816255917656
nq_1d_every_bar_last160,every_bar,75,2025-05-05 22:00:00,2025-05-06 22:00:00,2025-06-09 22:00:00,19876.5,19809.0,21962.5,20733.180859375,0.04310018662113548,0.8,1,0.10494805423490061,0.10871321116664134,True,1,True,True,True,0.10871321116664134,0.10871321116664134,0.10731321116664135
nq_1d_every_bar_last160,every_bar,76,2025-05-06 22:00:00,2025-05-07 22:00:00,2025-06-10 22:00:00,19961.0,19934.5,21887.5,20235.616015625,0.01375762815615449,0.6,1,0.09651320074144576,0.09797085454864685,True,1,True,True,True,0.09797085454864685,0.09797085454864685,0.09657085454864685
nq_1d_every_bar_last160,every_bar,77,2025-05-07 22:00:00,2025-05-08 22:00:00,2025-06-11 22:00:00,20148.0,20157.0,21932.5,20191.219140625,0.0021450834139864925,0.6,1,0.08856958507047841,0.08808354417820108,True,1,True,True,True,0.08808354417820108,0.08808354417820108,0.08668354417820108
nq_1d_every_bar_last160,every_bar,78,2025-05-08 22:00:00,2025-05-11 22:00:00,2025-06-12 22:00:00,20136.75,20398.5,21644.25,21032.312890625,0.04447405319254596,1.0,1,0.07486312339379486,0.061070666960805875,True,1,True,True,True,0.061070666960805875,0.061070666960805875,0.059670666960805877
nq_1d_every_bar_last160,every_bar,79,2025-05-11 22:00:00,2025-05-12 22:00:00,2025-06-15 22:00:00,20948.75,20954.75,22168.25,21735.66328125,0.03756373441136105,0.6,1,0.05821349722537139,0.05791049761987144,True,1,True,True,True,0.05791049761987144,0.05791049761987144,0.05651049761987144
nq_1d_every_bar_last160,every_bar,80,2025-05-12 22:00:00,2025-05-13 22:00:00,2025-06-16 22:00:00,21278.0,21250.0,21956.0,21412.8953125,0.006339661269856189,0.6,1,0.03186389698279912,0.03322352941176465,True,1,True,True,True,0.03322352941176465,0.03322352941176465,0.03182352941176465
nq_1d_every_bar_last160,every_bar,81,2025-05-13 22:00:00,2025-05-14 22:00:00,2025-06-17 22:00:00,21392.5,21379.75,21945.25,21647.35546875,0.011913309278952866,0.8,1,0.025838494799579337,0.0264502625147629,True,1,True,True,True,0.0264502625147629,0.0264502625147629,0.025050262514762903
nq_1d_every_bar_last160,every_bar,82,2025-05-14 22:00:00,2025-05-15 22:00:00,2025-06-18 22:00:00,21400.25,21396.0,21844.75,21518.605078125,0.005530546518148172,0.6,1,0.02077078538802124,0.020973546457281778,True,1,True,True,True,0.020973546457281778,0.020973546457281778,0.01957354645728178
nq_1d_every_bar_last160,every_bar,83,2025-05-15 22:00:00,2025-05-18 22:00:00,2025-06-22 22:00:00,21506.0,21310.75,22073.5,21285.561328125,-0.010250100989258803,0.4,-1,0.026387984748442284,0.035791795220721845,True,1,False,False,False,-0.035791795220721845,-0.035791795220721845,-0.03719179522072184
nq_1d_every_bar_last160,every_bar,84,2025-05-18 22:00:00,2025-05-19 22:00:00,2025-06-23 22:00:00,21527.0,21513.0,22412.75,21882.318359375,0.01650570722232545,0.6,1,0.04114600269429092,0.0418235485520384,True,1,True,True,True,0.0418235485520384,0.0418235485520384,0.040423548552038405
nq_1d_every_bar_last160,every_bar,85,2025-05-19 22:00:00,2025-05-20 22:00:00,2025-06-24 22:00:00,21447.25,21414.75,22461.0,21006.21015625,-0.020563934478779355,0.4,-1,0.04726713214980949,0.04885651245053069,True,1,False,False,False,-0.04885651245053069,-0.04885651245053069,-0.050256512450530685
nq_1d_every_bar_last160,every_bar,86,2025-05-20 22:00:00,2025-05-21 22:00:00,2025-06-25 22:00:00,21156.75,21145.0,22669.25,21010.5640625,-0.0069096594467486835,0.4,-1,0.07149018634714688,0.07208559943249004,True,1,False,False,False,-0.07208559943249004,-0.07208559943249004,-0.07348559943249004
nq_1d_every_bar_last160,every_bar,87,2025-05-21 22:00:00,2025-05-22 22:00:00,2025-06-26 22:00:00,21178.25,21223.75,22751.5,20712.923046875,-0.021971926534298202,0.4,-1,0.0742861190136106,0.07198303787031035,True,1,False,False,False,-0.07198303787031035,-0.07198303787031035,-0.07338303787031035
nq_1d_every_bar_last160,every_bar,88,2025-05-22 22:00:00,2025-05-25 22:00:00,2025-06-29 22:00:00,20975.0,20978.0,22893.25,21622.60078125,0.030874888259833155,0.8,1,0.09145411203814069,0.09129802650395646,True,1,True,True,True,0.09129802650395646,0.09129802650395646,0.08989802650395647
nq_1d_every_bar_last160,every_bar,89,2025-05-25 22:00:00,2025-05-27 22:00:00,2025-06-30 22:00:00,21460.5,21480.0,22692.75,21574.65078125,0.005319110982968667,0.6,1,0.05741944502690988,0.056459497206703846,True,1,True,True,True,0.056459497206703846,0.056459497206703846,0.05505949720670385
nq_1d_every_bar_last160,every_bar,90,2025-05-27 22:00:00,2025-05-28 22:00:00,2025-07-01 22:00:00,21379.75,21513.0,22843.0,21511.11640625,0.006144431354435831,0.4,-1,0.06844093125504269,0.061823083716822325,True,1,True,True,False,-0.061823083716822325,-0.061823083716822325,-0.06322308371682232
nq_1d_every_bar_last160,every_bar,91,2025-05-28 22:00:00,2025-05-29 22:00:00,2025-07-02 22:00:00,21408.5,21371.25,23062.5,21394.108984375,-0.0006722103662096579,0.4,-1,0.07725903262722755,0.07913669064748197,True,1,False,False,False,-0.07913669064748197,-0.07913669064748197,-0.08053669064748196
nq_1d_every_bar_last160,every_bar,92,2025-05-29 22:00:00,2025-06-01 22:00:00,2025-07-03 22:00:00,21376.75,21303.75,22884.75,21823.9828125,0.02092145964657861,0.8,1,0.07054393207573639,0.07421228656926604,True,1,True,True,True,0.07421228656926604,0.07421228656926604,0.07281228656926604
nq_1d_every_bar_last160,every_bar,93,2025-06-01 22:00:00,2025-06-02 22:00:00,2025-07-07 22:00:00,21534.5,21555.0,22896.75,21529.396484375,-0.00023699252942950278,0.6,1,0.06325895655808123,0.06224773834377184,True,1,False,False,True,0.06224773834377184,0.06224773834377184,0.06084773834377184
nq_1d_every_bar_last160,every_bar,94,2025-06-02 22:00:00,2025-06-03 22:00:00,2025-07-08 22:00:00,21706.0,21688.25,23052.75,22225.666796875,0.02394115898253939,0.8,1,0.06204505666635951,0.06291425080400681,True,1,True,True,True,0.06291425080400681,0.06291425080400681,0.06151425080400681
nq_1d_every_bar_last160,every_bar,95,2025-06-03 22:00:00,2025-06-04 22:00:00,2025-07-09 22:00:00,21766.5,21744.75,23013.25,21946.15625,0.008253795970872679,0.4,-1,0.05727838651138217,0.0583359201646374,True,1,True,True,False,-0.0583359201646374,-0.0583359201646374,-0.0597359201646374
nq_1d_every_bar_last160,every_bar,96,2025-06-04 22:00:00,2025-06-05 22:00:00,2025-07-10 22:00:00,21582.25,21471.0,22959.0,22115.04921875,0.02468691720047722,0.8,1,0.06379084664481227,0.06930278049462069,True,1,True,True,True,0.06930278049462069,0.06930278049462069,0.06790278049462069
nq_1d_every_bar_last160,every_bar,97,2025-06-05 22:00:00,2025-06-08 22:00:00,2025-07-13 22:00:00,21789.5,21799.25,23035.5,22307.728515625,0.023783405568048876,0.6,1,0.05718350581702203,0.056710666651375696,True,1,True,True,True,0.056710666651375696,0.056710666651375696,0.0553106666513757
nq_1d_every_bar_last160,every_bar,98,2025-06-08 22:00:00,2025-06-09 22:00:00,2025-07-14 22:00:00,21821.5,21824.0,23056.75,21957.04375,0.006211477212840521,0.8,1,0.05660701601631413,0.05648597873900285,True,1,True,True,True,0.05648597873900285,0.05648597873900285,0.05508597873900285
nq_1d_every_bar_last160,every_bar,99,2025-06-09 22:00:00,2025-06-10 22:00:00,2025-07-15 22:00:00,21962.5,21945.75,23076.5,22685.723046875,0.0329299053784861,0.8,1,0.050722822993739314,0.05152478270280114,True,1,True,True,True,0.05152478270280114,0.05152478270280114,0.05012478270280114
nq_1d_every_bar_last160,every_bar,100,2025-06-10 22:00:00,2025-06-11 22:00:00,2025-07-16 22:00:00,21887.5,21871.0,23251.0,22447.61328125,0.025590555396916036,0.6,1,0.062295830953740694,0.06309725206894967,True,1,True,True,True,0.06309725206894967,0.06309725206894967,0.06169725206894967
nq_1d_every_bar_last160,every_bar,101,2025-06-11 22:00:00,2025-06-12 22:00:00,2025-07-17 22:00:00,21932.5,21909.0,23224.25,21940.6171875,0.00037009859797105805,0.2,-1,0.058896614613017206,0.0600324067734721,True,1,True,True,False,-0.0600324067734721,-0.0600324067734721,-0.0614324067734721
nq_1d_every_bar_last160,every_bar,102,2025-06-12 22:00:00,2025-06-15 22:00:00,2025-07-20 22:00:00,21644.25,21772.5,23342.0,21646.4890625,0.00010344837543454499,0.4,-1,0.07843884634487219,0.07208634745665399,True,1,True,True,False,-0.07208634745665399,-0.07208634745665399,-0.07348634745665399
nq_1d_every_bar_last160,every_bar,103,2025-06-15 22:00:00,2025-06-16 22:00:00,2025-07-21 22:00:00,22168.25,22176.0,23226.25,22077.649609375,-0.00408694374274019,0.4,-1,0.047725914314391105,0.04735975829725825,True,1,False,False,False,-0.04735975829725825,-0.04735975829725825,-0.048759758297258246
nq_1d_every_bar_last160,every_bar,104,2025-06-16 22:00:00,2025-06-17 22:00:00,2025-07-22 22:00:00,21956.0,21927.5,23310.75,21528.45546875,-0.01947278790535618,0.2,-1,0.061702951357260005,0.06308288678599938,True,1,False,False,False,-0.06308288678599938,-0.06308288678599938,-0.06448288678599938
nq_1d_every_bar_last160,every_bar,105,2025-06-17 22:00:00,2025-06-18 22:00:00,2025-07-23 22:00:00,21945.25,21956.75,23377.5,22611.419921875,0.030355996029892585,0.8,1,0.06526469281507397,0.06470675304860696,True,1,True,True,True,0.06470675304860696,0.06470675304860696,0.06330675304860696
nq_1d_every_bar_last160,every_bar,106,2025-06-18 22:00:00,2025-06-22 22:00:00,2025-07-24 22:00:00,21844.75,21648.25,23421.25,21551.937890625,-0.01340423256732166,0.4,-1,0.07216836997447906,0.08190038455764315,True,1,False,False,False,-0.08190038455764315,-0.08190038455764315,-0.08330038455764315
nq_1d_every_bar_last160,every_bar,107,2025-06-22 22:00:00,2025-06-23 22:00:00,2025-07-27 22:00:00,22073.5,22079.0,23491.25,21935.486328125,-0.006252459821731971,0.4,-1,0.06422859990486329,0.06396349472349283,True,1,False,False,False,-0.06396349472349283,-0.06396349472349283,-0.06536349472349283
nq_1d_every_bar_last160,every_bar,108,2025-06-23 22:00:00,2025-06-24 22:00:00,2025-07-28 22:00:00,22412.75,22412.0,23452.0,22645.81015625,0.010398552442248276,0.4,-1,0.04636869638933194,0.04640371229698381,True,1,True,True,False,-0.04640371229698381,-0.04640371229698381,-0.04780371229698381
nq_1d_every_bar_last160,every_bar,109,2025-06-24 22:00:00,2025-06-25 22:00:00,2025-07-29 22:00:00,22461.0,22461.25,23480.5,23526.73046875,0.047448041883709546,0.6,1,0.04538978674146299,0.04537815126050426,True,1,True,True,True,0.04537815126050426,0.04537815126050426,0.043978151260504264
nq_1d_every_bar_last160,every_bar,110,2025-06-25 22:00:00,2025-06-26 22:00:00,2025-07-30 22:00:00,22669.25,22676.25,23365.0,22132.708984375,-0.02366822967786757,0.0,-1,0.030691355029390133,0.03037318780662579,True,1,False,False,False,-0.03037318780662579,-0.03037318780662579,-0.03177318780662579
nq_1d_every_bar_last160,every_bar,111,2025-06-26 22:00:00,2025-06-29 22:00:00,2025-07-31 22:00:00,22751.5,22751.5,22883.75,22926.2875,0.007682460497110055,0.4,-1,0.005812803551414225,0.005812803551414225,True,1,True,True,False,-0.005812803551414225,-0.005812803551414225,-0.007212803551414225
nq_1d_every_bar_last160,every_bar,112,2025-06-29 22:00:00,2025-06-30 22:00:00,2025-08-03 22:00:00,22893.25,22867.5,23296.5,22404.34375,-0.0213559127690476,0.2,-1,0.01761436231203528,0.018760249262053108,True,1,False,False,False,-0.018760249262053108,-0.018760249262053108,-0.020160249262053107
nq_1d_every_bar_last160,every_bar,113,2025-06-30 22:00:00,2025-07-01 22:00:00,2025-08-04 22:00:00,22692.75,22694.5,23132.0,22336.846484375,-0.01568357804254661,0.4,-1,0.01935640237520797,0.019277798585560335,True,1,False,False,False,-0.019277798585560335,-0.019277798585560335,-0.020677798585560334
nq_1d_every_bar_last160,every_bar,114,2025-07-01 22:00:00,2025-07-02 22:00:00,2025-08-05 22:00:00,22843.0,22845.0,23422.75,22800.695703125,-0.0018519588878431082,0.4,-1,0.025379766230354983,0.025289997811337228,True,1,False,False,False,-0.025289997811337228,-0.025289997811337228,-0.026689997811337227
nq_1d_every_bar_last160,every_bar,115,2025-07-02 22:00:00,2025-07-03 22:00:00,2025-08-06 22:00:00,23062.5,22970.0,23496.25,23302.77734375,0.010418529810298161,0.6,1,0.018807588075880677,0.022910317805833635,True,1,True,True,True,0.022910317805833635,0.022910317805833635,0.021510317805833637
nq_1d_every_bar_last160,every_bar,116,2025-07-03 22:00:00,2025-07-07 22:00:00,2025-08-07 22:00:00,22884.75,22837.75,23713.75,22471.106640625,-0.01807506568238675,0.4,-1,0.03622499699581594,0.03835754397871938,True,1,False,False,False,-0.03835754397871938,-0.03835754397871938,-0.039757543978719376
nq_1d_every_bar_last160,every_bar,117,2025-07-07 22:00:00,2025-07-08 22:00:00,2025-08-10 22:00:00,22896.75,22906.5,23637.5,22734.687890625,-0.007077952520554209,0.4,-1,0.032351752978042825,0.03191233929234061,True,1,False,False,False,-0.03191233929234061,-0.03191233929234061,-0.033312339292340606
nq_1d_every_bar_last160,every_bar,118,2025-07-08 22:00:00,2025-07-09 22:00:00,2025-08-11 22:00:00,23052.75,23041.0,23938.0,22535.180859375,-0.022451514054722344,0.2,-1,0.03840105844205133,0.03893060197040055,True,1,False,False,False,-0.03893060197040055,-0.03893060197040055,-0.040330601970400545
nq_1d_every_bar_last160,every_bar,119,2025-07-09 22:00:00,2025-07-10 22:00:00,2025-08-12 22:00:00,23013.25,23011.75,23946.5,22835.9828125,-0.00770283152097162,0.2,-1,0.040552725060562844,0.04062055254380925,True,1,False,False,False,-0.04062055254380925,-0.04062055254380925,-0.04202055254380925
nq_1d_every_bar_last160,every_bar,120,2025-07-10 22:00:00,2025-07-13 22:00:00,2025-08-13 22:00:00,22959.0,22860.75,23930.5,23804.190234375,0.036813024712531076,0.8,1,0.042314560738708096,0.046794177793817004,True,1,True,True,True,0.046794177793817004,0.046794177793817004,0.045394177793817006
nq_1d_every_bar_last160,every_bar,121,2025-07-13 22:00:00,2025-07-14 22:00:00,2025-08-14 22:00:00,23035.5,23034.25,23804.0,23587.58984375,0.023966913839508573,0.6,1,0.033361550650083505,0.033417628097289986,True,1,True,True,True,0.033417628097289986,0.033417628097289986,0.03201762809728999
nq_1d_every_bar_last160,every_bar,122,2025-07-14 22:00:00,2025-07-15 22:00:00,2025-08-17 22:00:00,23056.75,23018.75,23797.75,24082.15625,0.044473147776681474,0.6,1,0.032138094050549126,0.03384197664947064,True,1,True,True,True,0.03384197664947064,0.03384197664947064,0.03244197664947064
nq_1d_every_bar_last160,every_bar,123,2025-07-15 22:00:00,2025-07-16 22:00:00,2025-08-18 22:00:00,23076.5,23065.5,23469.5,24146.04375,0.04634774554200163,0.6,1,0.01703031222239071,0.017515336758362032,True,1,True,True,True,0.017515336758362032,0.017515336758362032,0.016115336758362034
nq_1d_every_bar_last160,every_bar,124,2025-07-16 22:00:00,2025-07-17 22:00:00,2025-08-19 22:00:00,23251.0,23261.25,23324.0,22544.249609375,-0.030396558884564117,0.4,-1,0.003139649907530906,0.002697619431457854,True,1,False,False,False,-0.002697619431457854,-0.002697619431457854,-0.004097619431457854
nq_1d_every_bar_last160,every_bar,125,2025-07-17 22:00:00,2025-07-20 22:00:00,2025-08-20 22:00:00,23224.25,23232.5,23219.75,22609.6859375,-0.02646217046836823,0.4,-1,-0.00019376298481110776,-0.0005488001721726254,False,-1,False,True,True,0.0005488001721726254,0.0005488001721726254,-0.0008511998278273745
nq_1d_every_bar_last160,every_bar,126,2025-07-20 22:00:00,2025-07-21 22:00:00,2025-08-21 22:00:00,23342.0,23339.5,23569.75,23583.82734375,0.010360180950646902,0.6,1,0.009757090223631248,0.009865249898241224,True,1,True,True,True,0.009865249898241224,0.009865249898241224,0.008465249898241224
nq_1d_every_bar_last160,every_bar,127,2025-07-21 22:00:00,2025-07-22 22:00:00,2025-08-24 22:00:00,23226.25,23191.25,23498.25,23210.2140625,-0.0006904230127549483,0.4,-1,0.011710887465690822,0.013237751307066281,True,1,False,False,False,-0.013237751307066281,-0.013237751307066281,-0.014637751307066281
nq_1d_every_bar_last160,every_bar,128,2025-07-22 22:00:00,2025-07-23 22:00:00,2025-08-25 22:00:00,23310.75,23402.25,23591.5,22952.74921875,-0.015357754737621066,0.2,-1,0.012043799534549482,0.00808682925787041,True,1,False,False,False,-0.00808682925787041,-0.00808682925787041,-0.00948682925787041
nq_1d_every_bar_last160,every_bar,129,2025-07-23 22:00:00,2025-07-24 22:00:00,2025-08-26 22:00:00,23377.5,23391.5,23628.75,23237.7609375,-0.005977502406159773,0.4,-1,0.010747513634905337,0.010142573156916024,True,1,False,False,False,-0.010142573156916024,-0.010142573156916024,-0.011542573156916024
nq_1d_every_bar_last160,every_bar,130,2025-07-24 22:00:00,2025-07-27 22:00:00,2025-08-27 22:00:00,23421.25,23520.0,23769.0,23424.27109375,0.00012898943267332098,0.4,-1,0.014847627688530762,0.010586734693877498,True,1,True,True,False,-0.010586734693877498,-0.010586734693877498,-0.011986734693877498
nq_1d_every_bar_last160,every_bar,131,2025-07-27 22:00:00,2025-07-28 22:00:00,2025-08-28 22:00:00,23491.25,23504.25,23461.75,23618.186328125,0.005403557840685314,0.6,1,-0.0012557867291013158,-0.0018081836263654782,False,-1,True,False,False,-0.0018081836263654782,-0.0018081836263654782,-0.0032081836263654784
nq_1d_every_bar_last160,every_bar,132,2025-07-28 22:00:00,2025-07-29 22:00:00,2025-08-31 22:00:00,23452.0,23452.0,23275.0,23374.116015625,-0.0033209954108391225,0.4,-1,-0.007547330718062462,-0.007547330718062462,False,-1,False,True,True,0.007547330718062462,0.007547330718062462,0.006147330718062461
nq_1d_every_bar_last160,every_bar,133,2025-07-29 22:00:00,2025-07-30 22:00:00,2025-09-02 22:00:00,23480.5,23705.0,23448.75,23650.292578125,0.007231216461531864,0.6,1,-0.0013521858563488864,-0.010809955705547325,False,-1,True,False,False,-0.010809955705547325,-0.010809955705547325,-0.012209955705547325
nq_1d_every_bar_last160,every_bar,134,2025-07-30 22:00:00,2025-07-31 22:00:00,2025-09-03 22:00:00,23365.0,23308.5,23668.0,23762.892578125,0.01702942769634066,0.8,1,0.01296811470147663,0.015423557929510778,True,1,True,True,True,0.015423557929510778,0.015423557929510778,0.014023557929510778
nq_1d_every_bar_last160,every_bar,135,2025-07-31 22:00:00,2025-08-03 22:00:00,2025-09-04 22:00:00,22883.75,22850.0,23684.0,23107.635546875,0.00978360394930904,0.6,1,0.03497022996667942,0.036498905908096235,True,1,True,True,True,0.036498905908096235,0.036498905908096235,0.03509890590809624
nq_1d_every_bar_last160,every_bar,136,2025-08-03 22:00:00,2025-08-04 22:00:00,2025-09-07 22:00:00,23296.5,23354.0,23799.75,23468.186328125,0.007369618961002744,0.6,1,0.021601957375571468,0.01908666609574383,True,1,True,True,True,0.01908666609574383,0.01908666609574383,0.017686666095743833
nq_1d_every_bar_last160,every_bar,137,2025-08-04 22:00:00,2025-08-05 22:00:00,2025-09-08 22:00:00,23132.0,23091.75,23874.0,22925.25078125,-0.008937801260159106,0.4,-1,0.03207677675946741,0.0338757348403651,True,1,False,False,False,-0.0338757348403651,-0.0338757348403651,-0.0352757348403651
nq_1d_every_bar_last160,every_bar,138,2025-08-05 22:00:00,2025-08-06 22:00:00,2025-09-09 22:00:00,23422.75,23418.5,23877.75,23640.498046875,0.009296433889060873,0.8,1,0.019425558484806427,0.01961056429745711,True,1,True,True,True,0.01961056429745711,0.01961056429745711,0.018210564297457113
nq_1d_every_bar_last160,every_bar,139,2025-08-06 22:00:00,2025-08-07 22:00:00,2025-09-10 22:00:00,23496.25,23518.25,24017.75,23379.67890625,-0.004961263765494506,0.2,-1,0.02219503112198762,0.021238825167688935,True,1,False,False,False,-0.021238825167688935,-0.021238825167688935,-0.022638825167688933
nq_1d_every_bar_last160,every_bar,140,2025-08-07 22:00:00,2025-08-10 22:00:00,2025-09-11 22:00:00,23713.75,23764.0,24113.25,23063.1796875,-0.02743430762743133,0.2,-1,0.016846766116704437,0.014696599899006957,True,1,False,False,False,-0.014696599899006957,-0.014696599899006957,-0.016096599899006955
nq_1d_every_bar_last160,every_bar,141,2025-08-10 22:00:00,2025-08-11 22:00:00,2025-09-14 22:00:00,23637.5,23635.0,24309.25,23947.836328125,0.013128982681121105,0.6,1,0.028418826017979848,0.028527607361963137,True,1,True,True,True,0.028527607361963137,0.028527607361963137,0.027127607361963138
nq_1d_every_bar_last160,every_bar,142,2025-08-11 22:00:00,2025-08-12 22:00:00,2025-09-15 22:00:00,23938.0,23945.0,24522.25,24104.6390625,0.006961277571225666,0.6,1,0.02440680090233105,0.024107329296304103,True,1,True,True,True,0.024107329296304103,0.024107329296304103,0.022707329296304105
nq_1d_every_bar_last160,every_bar,143,2025-08-12 22:00:00,2025-08-13 22:00:00,2025-09-16 22:00:00,23946.5,23927.75,24465.25,23350.88203125,-0.024872861117491075,0.2,-1,0.0216628734888189,0.022463457700786726,True,1,False,False,False,-0.022463457700786726,-0.022463457700786726,-0.023863457700786725
nq_1d_every_bar_last160,every_bar,144,2025-08-13 22:00:00,2025-08-14 22:00:00,2025-09-17 22:00:00,23930.5,23888.75,24705.5,23012.11015625,-0.03837737797998371,0.0,-1,0.03238544953093325,0.03418973366124223,True,1,False,False,False,-0.03418973366124223,-0.03418973366124223,-0.035589733661242226
nq_1d_every_bar_last160,every_bar,145,2025-08-14 22:00:00,2025-08-17 22:00:00,2025-09-18 22:00:00,23804.0,23795.0,24866.25,24016.991015625,0.008947698522307146,0.6,1,0.04462485296588814,0.04501996217692783,True,1,True,True,True,0.04501996217692783,0.04501996217692783,0.04361996217692783
nq_1d_every_bar_last160,every_bar,146,2025-08-17 22:00:00,2025-08-18 22:00:00,2025-09-21 22:00:00,23797.75,23800.75,25003.0,24406.62109375,0.025585237837610707,0.6,1,0.0506455442216176,0.050513114082539445,True,1,True,True,True,0.050513114082539445,0.050513114082539445,0.04911311408253945
nq_1d_every_bar_last160,every_bar,147,2025-08-18 22:00:00,2025-08-19 22:00:00,2025-09-22 22:00:00,23469.5,23461.0,24827.25,23071.23515625,-0.016969464357996556,0.4,-1,0.057851679839792114,0.05823494309705479,True,1,False,False,False,-0.05823494309705479,-0.05823494309705479,-0.05963494309705479
nq_1d_every_bar_last160,every_bar,148,2025-08-19 22:00:00,2025-08-20 22:00:00,2025-09-23 22:00:00,23324.0,23323.0,24739.25,23291.576953125,-0.0013901151978648718,0.6,1,0.060677842565597606,0.06072332032757366,True,1,False,False,True,0.06072332032757366,0.06072332032757366,0.05932332032757366
nq_1d_every_bar_last160,every_bar,149,2025-08-20 22:00:00,2025-08-21 22:00:00,2025-09-24 22:00:00,23219.75,23225.25,24629.25,22855.475390625,-0.01568813658092787,0.2,-1,0.06070263461062253,0.060451448315949285,True,1,False,False,False,-0.060451448315949285,-0.060451448315949285,-0.061851448315949284
nq_1d_every_bar_last160,every_bar,150,2025-08-21 22:00:00,2025-08-24 22:00:00,2025-09-25 22:00:00,23569.75,23602.0,24726.75,23411.162109375,-0.00672845026464004,0.4,-1,0.04908834416996366,0.047654859757647605,True,1,False,False,False,-0.047654859757647605,-0.047654859757647605,-0.049054859757647604
nq_1d_every_bar_last160,every_bar,151,2025-08-24 22:00:00,2025-08-25 22:00:00,2025-09-28 22:00:00,23498.25,23505.75,24837.75,23228.239453125,-0.01149066619322714,0.2,-1,0.05700424499696788,0.05666698573753237,True,1,False,False,False,-0.05666698573753237,-0.05666698573753237,-0.05806698573753237
nq_1d_every_bar_last160,every_bar,152,2025-08-25 22:00:00,2025-08-26 22:00:00,2025-09-29 22:00:00,23591.5,23604.0,24901.75,23613.49453125,0.0009323074518364782,0.4,-1,0.05553907127567137,0.05498008812065747,True,1,True,True,False,-0.05498008812065747,-0.05498008812065747,-0.056380088120657465
nq_1d_every_bar_last160,every_bar,153,2025-08-26 22:00:00,2025-08-27 22:00:00,2025-09-30 22:00:00,23628.75,23542.25,25017.5,23501.6078125,-0.005380825794847399,0.2,-1,0.0587737396180501,0.06266393399101622,True,1,False,False,False,-0.06266393399101622,-0.06266393399101622,-0.06406393399101622
nq_1d_every_bar_last160,every_bar,154,2025-08-27 22:00:00,2025-08-28 22:00:00,2025-10-01 22:00:00,23769.0,23760.5,25110.0,24009.48828125,0.010117728185872333,0.6,1,0.05641802347595615,0.0567959428463205,True,1,True,True,True,0.0567959428463205,0.0567959428463205,0.0553959428463205
nq_1d_every_bar_last160,every_bar,155,2025-08-28 22:00:00,2025-08-31 22:00:00,2025-10-02 22:00:00,23461.75,23479.0,24992.0,23503.31640625,0.0017716669152983088,0.4,-1,0.0652231824139291,0.06444056390817332,True,1,True,True,False,-0.06444056390817332,-0.06444056390817332,-0.06584056390817332
nq_1d_every_bar_last160,every_bar,156,2025-08-31 22:00:00,2025-09-02 22:00:00,2025-10-05 22:00:00,23275.0,23382.0,25184.75,23517.125390625,0.010402809479054764,0.4,-1,0.0820515574650913,0.07709990591052951,True,1,True,True,False,-0.07709990591052951,-0.07709990591052951,-0.07849990591052951
nq_1d_every_bar_last160,every_bar,157,2025-09-02 22:00:00,2025-09-03 22:00:00,2025-10-06 22:00:00,23448.75,23456.75,25039.25,23747.682421875,0.012748330801215447,0.6,1,0.06782877552108313,0.06746458908416564,True,1,True,True,True,0.06746458908416564,0.06746458908416564,0.06606458908416564
nq_1d_every_bar_last160,every_bar,158,2025-09-03 22:00:00,2025-09-04 22:00:00,2025-10-07 22:00:00,23668.0,23700.0,25331.0,23972.804296875,0.012878329257858723,0.4,-1,0.0702636471184721,0.06881856540084397,True,1,True,True,False,-0.06881856540084397,-0.06881856540084397,-0.07021856540084397
nq_1d_every_bar_last160,every_bar,159,2025-09-04 22:00:00,2025-09-07 22:00:00,2025-10-08 22:00:00,23684.0,23673.5,25289.25,23239.346484375,-0.018774426432401615,0.4,-1,0.06777782469177507,0.06825142036454257,True,1,False,False,False,-0.06825142036454257,-0.06825142036454257,-0.06965142036454257
nq_1d_every_bar_last160,every_bar,160,2025-09-07 22:00:00,2025-09-08 22:00:00,2025-10-09 22:00:00,23799.75,23799.0,25067.75,24060.5234375,0.01095698221619974,0.4,-1,0.05327787056586719,0.05331106349006265,True,1,True,True,False,-0.05331106349006265,-0.05331106349006265,-0.05471106349006265
