asset,p_rule,filter,side,n,accuracy,avg_net_1x,total_1x,avg_net_10x,total_10x
btc_5m,short_p0,rsi_mid,-1,25,0.6,0.002804229578188326,0.07118711406851141,0.02804229578188325,0.7921527155334991
btc_5m,long_p80,high_vol72,1,39,0.6666666666666666,0.0014374192514545212,0.05462137615401197,0.014374192514545192,0.3137515593106326
btc_5m,short_p0,mom72_down,-1,32,0.5,0.001390093938101177,0.043960875586120496,0.013900939381011772,0.3696829906147767
btc_5m,long_p80,high_vol24,1,44,0.6818181818181818,0.0013313357821154578,0.056994749588398674,0.013313357821154564,0.3143354137919734
btc_5m,long_p80,high_atr,1,43,0.6511627906976745,0.0011534102342125063,0.047635810286198454,0.011534102342125057,0.2108717066690573
btc_5m,short_p0,low_volume,-1,26,0.5384615384615384,0.0011257960795225718,0.028623077617591308,0.011257960795225709,0.21279257275131025
btc_5m,short_p0,trend288_down,-1,46,0.5,0.0010003985147868653,0.04419188839855703,0.010003985147868637,0.20280880838490511
btc_5m,short_p20,high_vol24,-1,57,0.543859649122807,0.0007483060512466482,0.04031135005502251,0.00748306051246647,0.13355258018125027
btc_5m,short_p0,mom24_down,-1,34,0.5294117647058824,0.000721014924955896,0.022715408012679905,0.007210149249558952,0.0364539214669557
btc_5m,short_p0,trend72_up,-1,43,0.6046511627906976,0.00019332958422879772,0.005008289624041984,0.001933295842287964,-0.2311762597289133
btc_5m,short_p20,high_atr,-1,56,0.5178571428571429,0.00014044967466794058,0.004778390261689358,0.001404496746679393,-0.19836158079847854
btc_5m,short_p20,mom24_down,-1,108,0.5,4.4116443725154075e-05,-0.00022584227220856512,0.0004411644372515329,-0.36164486566560483
btc_5m,short_p0,all,-1,73,0.5342465753424658,3.767209624224257e-05,-0.0012528581377021508,0.00037672096242241296,-0.32009278606706715
btc_5m,long_p60,high_vol24,1,85,0.6,8.643130061257993e-06,-0.003443973559415614,8.643130061256822e-05,-0.338261134838853
btc_5m,short_p20,rsi_mid,-1,106,0.5188679245283019,-5.667876147448988e-05,-0.010486536334087138,-0.0005667876147449088,-0.3949263864791639
btc_5m,long_p60,high_vol72,1,79,0.5822784810126582,-0.0001128208495960896,-0.012526887158880728,-0.0011282084959609066,-0.3705275746532304
btc_5m,short_p40,high_vol24,-1,103,0.5242718446601942,-0.0001258109955069681,-0.01835228206651862,-0.0012581099550696977,-0.49781885266106385
btc_5m,short_p0,trend72_down,-1,30,0.43333333333333335,-0.0001854369698718207,-0.006229946385902574,-0.0018543696987182025,-0.11565268042685883
btc_5m,short_p20,mom72_down,-1,119,0.48739495798319327,-0.0003353572013372098,-0.043930241841871664,-0.003353572013372114,-0.5868115800552458
btc_5m,short_p40,low_atr,-1,87,0.5747126436781609,-0.0004489026442392877,-0.04041404266129589,-0.004489026442392886,-0.45837624539199806
btc_5m,short_p40,high_atr,-1,103,0.5145631067961165,-0.0004511219321758025,-0.05074560044441456,-0.004511219321758045,-0.6433598896608982
btc_5m,short_p0,mom24_up,-1,39,0.5384615384615384,-0.0005580626775081226,-0.023435909894968687,-0.005580626775081233,-0.34400632787358354
btc_5m,long_p80,mom24_up,1,89,0.5168539325842697,-0.0005959281415951283,-0.05379256047236736,-0.005959281415951291,-0.5312420562574299
btc_5m,long_p80,low_volume,1,82,0.5609756097560976,-0.0006184321863135838,-0.05190290874478953,-0.006184321863135848,-0.5482835925860473
btc_5m,long_p100,mom24_up,1,23,0.5652173913043478,-0.0006263765040541954,-0.014502723687284447,-0.006263765040541952,-0.15164376052599027
btc_5m,short_p40,rsi_mid,-1,198,0.5252525252525253,-0.0006766002247196674,-0.1327741706157486,-0.006766002247196684,-0.8895985217931749
btc_5m,short_p0,rsi_hot,-1,30,0.5,-0.0007452517971927784,-0.02375911955002319,-0.007452517971927803,-0.3308113607517389
btc_5m,long_p100,mom72_up,1,23,0.5652173913043478,-0.0007577899780917806,-0.017589571363669898,-0.007577899780917801,-0.18630552674083567
btc_5m,short_p20,trend288_down,-1,161,0.4782608695652174,-0.000771387936862782,-0.12294141195466801,-0.007713879368627826,-0.8573810089473735
btc_5m,long_p80,rsi_mid,1,88,0.5795454545454546,-0.0008106996793915411,-0.07174360444730499,-0.008106996793915418,-0.6532988808244073
btc_5m,long_p100,rsi_cold,1,29,0.6206896551724138,-0.0008595087643135722,-0.025683562845242314,-0.00859508764313573,-0.30899856318182795
btc_5m,short_p20,trend72_down,-1,113,0.48672566371681414,-0.0008802559485333615,-0.09853515688341341,-0.008802559485333632,-0.7596929942927231
btc_5m,short_p40,mom24_down,-1,207,0.5072463768115942,-0.0009182165168570669,-0.18071888825153726,-0.00918216516857068,-0.9473753417853306
btc_5m,long_p80,low_vol24,1,59,0.5932203389830508,-0.0009210366558979708,-0.0539509324123173,-0.009210366558979707,-0.4855355329090316
btc_5m,short_p40,high_volume,-1,55,0.5636363636363636,-0.00093878265216603,-0.052960783503832376,-0.009387826521660316,-0.555912900899208
btc_5m,long_p80,high_volume,1,25,0.6,-0.0009835793040498012,-0.024853854166166034,-0.009835793040498008,-0.2637809139666685
btc_5m,long_p80,trend72_up,1,83,0.4939759036144578,-0.0010045998936835136,-0.082000532211004,-0.010045998936835145,-0.6514790419499705
btc_5m,short_p20,low_volume,-1,88,0.5,-0.0010106346795557488,-0.08752883854813154,-0.010106346795557497,-0.6857162143399061
btc_5m,short_p0,mom72_up,-1,41,0.5609756097560976,-0.0010178766583793654,-0.04330979712092953,-0.010178766583793665,-0.5036024988324055
btc_5m,short_p40,mom72_down,-1,229,0.5152838427947598,-0.0010546750802854906,-0.2231490681734749,-0.010546750802854915,-0.9733401009513897
btc_5m,long_p80,trend288_down,1,87,0.5977011494252874,-0.001059813541555234,-0.09214606674234604,-0.010598135415552355,-0.7519052083027006
btc_5m,long_p60,high_atr,1,85,0.5647058823529412,-0.0010707550564612947,-0.091941095635514,-0.010707550564612964,-0.7807907329385797
btc_5m,short_p20,low_vol72,-1,50,0.44,-0.001094077549323299,-0.054298047753219114,-0.010940775493232989,-0.48378654832144663
btc_5m,short_p40,trend288_down,-1,278,0.5107913669064749,-0.001102591213759146,-0.27314947255338506,-0.011025912137591468,-0.9881679019112267
btc_5m,short_p20,all,-1,252,0.49206349206349204,-0.0011478623483225695,-0.25847513205492356,-0.011478623483225703,-0.9798106677525472
btc_5m,long_p80,mom72_up,1,86,0.4883720930232558,-0.001161470753719338,-0.09707973590309515,-0.01161470753719339,-0.7071463062748957
btc_5m,short_p20,low_atr,-1,48,0.5208333333333334,-0.0011743472455054572,-0.055474911069713806,-0.011743472455054568,-0.4707735769515131
btc_5m,long_p100,trend288_up,1,40,0.525,-0.0011792504402834234,-0.047103056917573105,-0.011792504402834237,-0.44574649678070266
btc_5m,short_p20,high_vol72,-1,53,0.4528301886792453,-0.0012083473451643522,-0.0651182352833446,-0.01208347345164354,-0.6246105221277154
btc_5m,long_p60,low_volume,1,148,0.5135135135135135,-0.0012100556296074682,-0.16714928665085227,-0.012100556296074687,-0.8897541696571294
btc_5m,short_p40,trend72_up,-1,255,0.5098039215686274,-0.0012375170164374341,-0.2783372327062589,-0.012375170164374352,-0.9860796264181667
btc_5m,long_p80,all,1,218,0.518348623853211,-0.001295988738889155,-0.2520584945052792,-0.01295988738889156,-0.9742221422153128
btc_5m,long_p60,mom72_down,1,242,0.5578512396694215,-0.0013602657951862296,-0.2863647641945649,-0.013602657951862305,-0.984430448220317
btc_5m,short_p20,trend72_up,-1,139,0.49640287769784175,-0.0013654128747699115,-0.1774223103571727,-0.01365412874769912,-0.9159852531638389
btc_5m,long_p80,mom72_down,1,132,0.5378787878787878,-0.001383629244378581,-0.17164168838008487,-0.013836292443785819,-0.9119770098959914
btc_5m,short_p40,all,-1,467,0.5074946466809421,-0.0014014922065684315,-0.49048348073444537,-0.014014922065684325,-0.9998365924297269
btc_5m,long_p100,all,1,65,0.5846153846153846,-0.0014405645491775518,-0.0915342319315321,-0.01440564549177553,-0.7001629802204357
btc_5m,long_p80,trend288_up,1,131,0.46564885496183206,-0.001452837915744507,-0.17614334410505916,-0.014528379157445075,-0.8960967394424838
btc_5m,long_p60,trend72_down,1,236,0.5550847457627118,-0.001464721632167907,-0.2979866048373818,-0.014647216321679084,-0.9867548720873496
btc_5m,long_p80,trend72_down,1,135,0.5333333333333333,-0.0014751389177933638,-0.18524843233717914,-0.014751389177933649,-0.9260364199360808
btc_5m,short_p20,high_volume,-1,32,0.5625,-0.0015000308246843944,-0.048207130856883884,-0.015000308246843955,-0.47130474341923134
btc_5m,long_p100,low_vol24,1,22,0.6818181818181818,-0.0015050973907827074,-0.03320071618620202,-0.01505097390782708,-0.33331627666193764
btc_5m,long_p60,rsi_mid,1,179,0.5307262569832403,-0.0015113622959549665,-0.241752200417222,-0.01511362295954967,-0.9674707087787968
btc_5m,long_p80,rsi_cold,1,80,0.525,-0.001535492641238955,-0.11862322690471594,-0.015354926412389567,-0.7933551833651916
btc_5m,long_p60,low_vol24,1,121,0.5785123966942148,-0.0015576599258815514,-0.17391758998954754,-0.015576599258815526,-0.8850752149953749
btc_5m,short_p20,low_vol24,-1,48,0.5,-0.0015793904762796077,-0.07364757536886612,-0.015793904762796077,-0.56379242605257
btc_5m,short_p40,trend72_down,-1,212,0.5047169811320755,-0.001598726515452414,-0.2939686757344322,-0.015987265154524147,-0.9882612654529371
btc_5m,short_p0,trend288_up,-1,27,0.5925925925925926,-0.0016025284686856333,-0.04352145141249508,-0.01602528468685634,-0.43473375885408505
btc_5m,short_p40,low_vol72,-1,94,0.5319148936170213,-0.00163307343466983,-0.14600350608681367,-0.016330734346698298,-0.8768680565643395
btc_5m,short_p40,low_vol24,-1,90,0.5333333333333333,-0.0016809061198395116,-0.1429252807712249,-0.016809061198395123,-0.8532418082098285
btc_5m,long_p60,mom24_up,1,188,0.4787234042553192,-0.0016813475369890777,-0.2748398898533053,-0.01681347536989078,-0.9767030154972571
btc_5m,long_p80,low_vol72,1,67,0.5223880597014925,-0.001681579130814719,-0.10819472795202956,-0.016815791308147195,-0.7358423862221023
btc_5m,long_p60,trend288_up,1,239,0.4686192468619247,-0.0016855442452572878,-0.33531481651827844,-0.016855442452572884,-0.9901118565455097
btc_5m,short_p40,high_vol72,-1,112,0.4642857142857143,-0.0017175597915830912,-0.17970166916846564,-0.017175597915830922,-0.9197074401625369
btc_5m,short_p40,rsi_hot,-1,166,0.4879518072289157,-0.001725567674905558,-0.25365556704893644,-0.01725567674905559,-0.9702311891065155
btc_5m,short_p40,mom72_up,-1,237,0.4978902953586498,-0.0017534458330977418,-0.345820337834846,-0.017534458330977422,-0.9940254256724874
btc_5m,long_p60,all,1,429,0.5081585081585082,-0.0017619351955315493,-0.5367152069674745,-0.017619351955315502,-0.9998812595716478
btc_5m,long_p80,rsi_hot,1,50,0.4,-0.001766891239845275,-0.08580659770144872,-0.017668912398452755,-0.6401951081612482
btc_5m,long_p80,mom24_down,1,129,0.5193798449612403,-0.0017789762827586774,-0.209537492256339,-0.017789762827586778,-0.9450081686533641
btc_5m,short_p40,mom24_up,-1,260,0.5076923076923077,-0.0017862540056847868,-0.37809316978128005,-0.017862540056847873,-0.9968948478561798
btc_5m,long_p100,trend72_down,1,46,0.5869565217391305,-0.0017980941693347687,-0.08129504974997304,-0.017980941693347702,-0.6559119829444038
btc_5m,long_p60,rsi_cold,1,141,0.5319148936170213,-0.0018054033485579686,-0.2284798010523208,-0.0180540334855797,-0.9523737884461634
btc_5m,short_p20,trend288_up,-1,91,0.5164835164835165,-0.0018139324609052715,-0.15453211672245915,-0.018139324609052716,-0.8584386826856536
btc_5m,long_p100,mom72_down,1,42,0.5952380952380952,-0.001814464909534046,-0.0752686030323435,-0.01814464909534047,-0.6315115444024093
btc_5m,long_p60,mom24_down,1,241,0.5311203319502075,-0.0018248002569671708,-0.3611275819642005,-0.018248002569671712,-0.9949031846444196
btc_5m,short_p40,trend288_up,-1,189,0.5026455026455027,-0.001841145518742936,-0.2990078427053523,-0.018411455187429367,-0.9861894679162494
btc_5m,long_p60,trend288_down,1,190,0.5578947368421052,-0.0018580269698239098,-0.30300117326856923,-0.01858026969823911,-0.9879916357505537
btc_5m,long_p100,trend288_down,1,25,0.68,-0.001858667123408158,-0.04662747145586754,-0.01858667123408159,-0.4590254855621
btc_5m,long_p100,mom24_down,1,42,0.5952380952380952,-0.001886429431030819,-0.07816511531362547,-0.0188642943103082,-0.6465670836988637
btc_5m,short_p20,rsi_hot,-1,90,0.4666666666666667,-0.0018919562766530507,-0.15898793636877084,-0.01891956276653051,-0.865458009322755
btc_5m,long_p80,low_atr,1,66,0.48484848484848486,-0.0019031270831192946,-0.1194102890195895,-0.01903127083119295,-0.7596833035247859
btc_5m,short_p20,mom72_up,-1,132,0.49242424242424243,-0.0019086681831836686,-0.22640687884845345,-0.019086681831836688,-0.9523714774093697
btc_5m,short_p20,rsi_cold,-1,56,0.48214285714285715,-0.0020174517528967336,-0.10895058990420636,-0.020174517528967345,-0.7519975954757487
btc_5m,short_p20,mom24_up,-1,144,0.4861111111111111,-0.002041846442358363,-0.25830762656402806,-0.02041846442358363,-0.9683728834287455
btc_5m,long_p60,low_atr,1,126,0.5,-0.0020592121052873755,-0.23085850198338587,-0.020592121052873752,-0.9461562096428009
btc_5m,short_p40,low_volume,-1,157,0.45222929936305734,-0.0020773959072186883,-0.2819809826238716,-0.020773959072186887,-0.9775978151942212
btc_5m,long_p60,rsi_hot,1,109,0.44036697247706424,-0.002117197025324974,-0.2080649116988642,-0.021171970253249735,-0.9233560332193519
btc_5m,long_p60,trend72_up,1,193,0.45077720207253885,-0.0021253673248259513,-0.3400627449206899,-0.02125367324825952,-0.99103516182438
btc_5m,short_p40,rsi_cold,-1,103,0.5048543689320388,-0.0022726774945499104,-0.21279695211339322,-0.022726774945499097,-0.950279464563952
btc_5m,long_p60,mom72_up,1,187,0.44385026737967914,-0.0022817426548019633,-0.3508100920638465,-0.02281742654801964,-0.9923735487037433
btc_5m,long_p100,low_atr,1,20,0.55,-0.002301321363952978,-0.04561388199950844,-0.023013213639529788,-0.4145891425127457
btc_5m,long_p60,low_vol72,1,130,0.5307692307692308,-0.0023405537543646636,-0.2655855866769944,-0.023405537543646635,-0.9719977682992316
btc_5m,long_p60,high_volume,1,56,0.5535714285714286,-0.0026518683672572597,-0.1402545902261717,-0.026518683672572596,-0.8368088254494601
btc_5m,long_p100,low_vol72,1,24,0.5416666666666666,-0.0029235481676355064,-0.06882636116613872,-0.029235481676355073,-0.5669362358124245
btc_5m,long_p100,rsi_mid,1,22,0.5454545454545454,-0.0029473514528265132,-0.06382196250020411,-0.029473514528265136,-0.5416652315056969
sol_5m,short_p0,low_volume,-1,23,0.6521739130434783,0.0022684408506526894,0.05205996502999799,0.02268440850652687,0.4719900608504646
sol_5m,short_p0,high_vol72,-1,25,0.64,0.002175045583050809,0.054242507138718477,0.021750455830508088,0.48442909392680544
sol_5m,short_p0,mom72_down,-1,39,0.6153846153846154,0.00195841682692835,0.07741389847602842,0.019584168269283497,0.8118421890768406
sol_5m,short_p0,rsi_hot,-1,26,0.6153846153846154,0.0015501898859252188,0.038703162893212406,0.01550189885925218,0.15458221475854916
sol_5m,short_p20,rsi_cold,-1,57,0.631578947368421,0.0012463964585060236,0.06886771252254476,0.01246396458506022,0.31397203664330053
sol_5m,short_p0,trend288_down,-1,50,0.6,0.001019529885368168,0.05002969039605243,0.010195298853681676,0.3520524430132812
sol_5m,short_p0,trend72_down,-1,28,0.6071428571428571,0.0008028425846409493,0.021683066422259145,0.008028425846409492,0.12672721595769287
sol_5m,short_p40,high_vol24,-1,110,0.5909090909090909,0.0006317029984041119,0.05930220550409948,0.006317029984041098,-0.3779473260905195
sol_5m,short_p20,high_vol24,-1,60,0.6166666666666667,0.0005820011698680821,0.030516268805040436,0.005820011698680797,-0.1408691191751188
sol_5m,short_p0,mom24_up,-1,49,0.5918367346938775,0.0005627532289588576,0.02429987848928894,0.005627532289588569,-0.10570065031038922
sol_5m,short_p20,mom24_down,-1,112,0.5714285714285714,0.0004373905170745341,0.04083497218926069,0.004373905170745323,-0.3981687757039949
sol_5m,short_p0,all,-1,73,0.6027397260273972,0.00039492778109955634,0.024763690642899183,0.003949277810995553,-0.16712146190719968
sol_5m,short_p20,high_atr,-1,56,0.625,0.00039331058296105314,0.017705104704042185,0.003933105829610524,-0.21129315662571757
sol_5m,short_p40,high_atr,-1,105,0.580952380952381,0.00034666661437554716,0.025327688156341566,0.003466666143755452,-0.5299563599376462
sol_5m,short_p20,trend72_down,-1,120,0.5666666666666667,0.000252974656157119,0.020584596929706045,0.002529746561571172,-0.5446703267208188
sol_5m,short_p20,mom72_down,-1,138,0.5362318840579711,0.00020828654685514034,0.017418889242588387,0.002082865468551394,-0.6089516220334104
sol_5m,short_p20,trend288_down,-1,172,0.563953488372093,0.00017992052869372316,0.01710897807406342,0.0017992052869372202,-0.6941546447911208
sol_5m,short_p0,trend72_up,-1,45,0.6,0.00014111412556268928,0.0030152444744204754,0.001411141255626884,-0.26079842015276833
sol_5m,long_p100,rsi_cold,1,32,0.375,3.322598436600522e-05,-0.00016889017255938832,0.0003322598436600482,-0.09886588619438152
sol_5m,short_p0,mom24_down,-1,23,0.6086956521739131,1.1778953056002656e-05,-0.0005305728971454204,0.00011778953056002203,-0.0777543819594324
sol_5m,long_p100,mom72_up,1,20,0.45,-0.00010207985941177271,-0.0037558900659674377,-0.0010207985941177388,-0.1668338243253309
sol_5m,short_p20,low_volume,-1,81,0.5061728395061729,-0.00020412899858682478,-0.02090241122259684,-0.00204128998586826,-0.46427689145114737
sol_5m,long_p60,high_vol72,1,75,0.4666666666666667,-0.0002984546869387306,-0.02739202438490007,-0.002984546869387318,-0.5389200086964422
sol_5m,short_p40,rsi_cold,-1,115,0.5391304347826087,-0.000377877717672766,-0.05396948747407537,-0.003778777176727677,-0.846549818435295
sol_5m,short_p20,all,-1,253,0.5454545454545454,-0.00041875852019704286,-0.11702569927082951,-0.004187585201970442,-0.9541732927814225
sol_5m,short_p20,high_vol72,-1,64,0.53125,-0.0005726655325115496,-0.04195762633616096,-0.005726655325115511,-0.6674126068729387
sol_5m,long_p80,high_vol72,1,38,0.39473684210526316,-0.0005736269970478579,-0.02465387061375235,-0.005736269970478591,-0.41743744246076564
sol_5m,short_p40,trend288_down,-1,308,0.5227272727272727,-0.0006160426739507059,-0.19516318606062166,-0.006160426739507069,-0.9931041067628327
sol_5m,long_p80,rsi_hot,1,36,0.4722222222222222,-0.0006191320537639751,-0.02360234559426433,-0.006191320537639757,-0.318626959923088
sol_5m,short_p20,low_vol24,-1,55,0.41818181818181815,-0.0006667208038581091,-0.03834690957924092,-0.0066672080385811,-0.45608851960079844
sol_5m,short_p20,rsi_mid,-1,122,0.5245901639344263,-0.000701069494448854,-0.09056409700406354,-0.007010694944488561,-0.853540566884349
sol_5m,short_p40,mom72_down,-1,249,0.4979919678714859,-0.0007570303558392175,-0.18904764889330572,-0.007570303558392186,-0.9828777589112125
sol_5m,long_p80,low_atr,1,68,0.5588235294117647,-0.0008079987103653794,-0.05496923126027997,-0.008079987103653794,-0.5097695739975967
sol_5m,short_p40,low_atr,-1,105,0.45714285714285713,-0.0008525868183867794,-0.08862347353728284,-0.008525868183867805,-0.7069903459978553
sol_5m,short_p0,rsi_mid,-1,35,0.5428571428571428,-0.0008598149934509251,-0.031069996095122177,-0.008598149934509252,-0.36468982180233145
sol_5m,long_p80,high_vol24,1,36,0.3888888888888889,-0.0008998540546150248,-0.033329661283588496,-0.00899854054615025,-0.3764074565103368
sol_5m,short_p20,low_atr,-1,52,0.46153846153846156,-0.0009031567842425331,-0.04767711904418159,-0.009031567842425342,-0.4843477119182875
sol_5m,short_p0,trend288_up,-1,23,0.6086956521739131,-0.0009629028803539479,-0.024062176512003486,-0.009629028803539495,-0.3839894728960459
sol_5m,short_p20,mom24_up,-1,139,0.5251798561151079,-0.001000282319456573,-0.13795127592762457,-0.010002823194565743,-0.9092853581212637
sol_5m,short_p20,trend72_up,-1,133,0.5263157894736842,-0.001024833566531625,-0.13483477667066246,-0.010248335665316258,-0.8993548852449172
sol_5m,long_p60,high_vol24,1,77,0.45454545454545453,-0.00103184087413911,-0.08085058748769103,-0.01031840874139111,-0.7242078797943811
sol_5m,short_p20,low_vol72,-1,50,0.5,-0.0010574606457215512,-0.05361348755799744,-0.010574606457215524,-0.531027522260703
sol_5m,short_p20,high_volume,-1,27,0.5925925925925926,-0.0011397497154313518,-0.032345720691391855,-0.011397497154313534,-0.42113720449916037
sol_5m,long_p80,high_volume,1,22,0.4090909090909091,-0.0011428824893877066,-0.026023203361705383,-0.01142882489387707,-0.3120920992835089
sol_5m,short_p20,mom72_up,-1,115,0.5565217391304348,-0.001171212600659663,-0.13214280758390795,-0.011712126006596645,-0.8828106449210416
sol_5m,long_p80,rsi_cold,1,78,0.46153846153846156,-0.0012019126970923655,-0.0925740809535951,-0.012019126970923666,-0.7239660296098525
sol_5m,long_p100,trend288_down,1,28,0.35714285714285715,-0.0012306044176107547,-0.03583415799793688,-0.012306044176107558,-0.4269971527827632
sol_5m,short_p20,rsi_hot,-1,74,0.5135135135135135,-0.0012359462894856073,-0.09165253272965268,-0.012359462894856083,-0.76186941363663
sol_5m,long_p60,high_volume,1,52,0.4423076923076923,-0.0012902850832898472,-0.06666005874359238,-0.012902850832898482,-0.5769201756306619
sol_5m,short_p0,mom72_up,-1,34,0.5882352941176471,-0.001398486124409943,-0.04886720684372314,-0.013984861244099436,-0.5403139726439625
sol_5m,short_p40,mom24_up,-1,252,0.5079365079365079,-0.0013997254861181107,-0.3074935518501032,-0.013997254861181117,-0.993909958300321
sol_5m,long_p80,low_vol72,1,68,0.47058823529411764,-0.0014027893698059432,-0.09362865822769384,-0.014027893698059443,-0.7132760869151473
sol_5m,long_p80,mom24_up,1,76,0.4342105263157895,-0.0014312301200641688,-0.10678460249822919,-0.014312301200641702,-0.7786381224799361
sol_5m,short_p40,low_volume,-1,158,0.46835443037974683,-0.0014386780719760357,-0.21037381789532494,-0.014386780719760364,-0.9584267745312887
sol_5m,short_p40,trend72_up,-1,256,0.5,-0.0014585978869637573,-0.32213618100646857,-0.014585978869637587,-0.9955443334905444
sol_5m,short_p40,all,-1,484,0.49793388429752067,-0.001482140292195945,-0.529781401417319,-0.014821402921959458,-0.9999886767403401
sol_5m,long_p80,low_vol24,1,58,0.46551724137931033,-0.001496497793895254,-0.08472240439973167,-0.014964977938952543,-0.6483475703552541
sol_5m,short_p40,trend72_down,-1,228,0.4956140350877193,-0.0015085738700005061,-0.3063229141203536,-0.015085738700005069,-0.9974586833112561
sol_5m,short_p40,mom24_down,-1,227,0.4889867841409692,-0.0015114091005663714,-0.3060934197624525,-0.015114091005663723,-0.9976511100077741
sol_5m,long_p80,trend288_down,1,93,0.45161290322580644,-0.001533815987480164,-0.1369460462709653,-0.015338159874801645,-0.851693360807479
sol_5m,long_p60,low_atr,1,106,0.5283018867924528,-0.0015646910489473607,-0.15608383483404675,-0.01564691048947361,-0.8741971975895457
sol_5m,long_p80,mom72_up,1,86,0.43023255813953487,-0.0016730803529026808,-0.13894182315652903,-0.01673080352902681,-0.8681437312657635
sol_5m,long_p60,low_vol24,1,100,0.47,-0.0016790197749294356,-0.1576509397256186,-0.01679019774929436,-0.8731923664890971
sol_5m,short_p20,trend288_up,-1,81,0.5061728395061729,-0.0016900276116687935,-0.13187837315022166,-0.016900276116687946,-0.8501637954015034
sol_5m,long_p80,trend72_down,1,130,0.46923076923076923,-0.001694853957837314,-0.20215278237302092,-0.016948539578373154,-0.9382557852370482
sol_5m,short_p40,low_vol24,-1,107,0.40186915887850466,-0.0016954564054842318,-0.17153568510140504,-0.01695456405484233,-0.9361244240707114
sol_5m,short_p40,rsi_mid,-1,222,0.49099099099099097,-0.0017159771990312603,-0.3279678898969298,-0.017159771990312614,-0.9964425167386398
sol_5m,long_p60,trend288_up,1,225,0.4666666666666667,-0.0017228672897070195,-0.32905030234834864,-0.017228672897070207,-0.9936232034683964
sol_5m,long_p60,rsi_cold,1,138,0.5072463768115942,-0.0017547365751219676,-0.2209458547386275,-0.017547365751219686,-0.9620788571116693
sol_5m,long_p80,all,1,208,0.4423076923076923,-0.001758987113089401,-0.3136278301004414,-0.017589871130894018,-0.9913096632315128
sol_5m,long_p100,all,1,69,0.34782608695652173,-0.0017933019921135386,-0.12017391293402868,-0.0179330199211354,-0.8113552991803268
sol_5m,long_p60,mom72_up,1,190,0.45263157894736844,-0.0018121318046402915,-0.29909423916537037,-0.01812131804640292,-0.9898539208127715
sol_5m,long_p80,trend72_up,1,78,0.3974358974358974,-0.0018658757051762127,-0.13971979254246092,-0.018658757051762134,-0.8592526149720896
sol_5m,long_p80,mom72_down,1,120,0.45,-0.0018849335257052067,-0.20620125668259348,-0.01884933525705208,-0.936658702280689
sol_5m,long_p60,mom24_up,1,174,0.4367816091954023,-0.0019119528224556652,-0.28938754534403677,-0.01911952822455666,-0.9856271698523585
sol_5m,long_p60,high_atr,1,74,0.44594594594594594,-0.0019196688131377447,-0.13699978187003203,-0.019196688131377457,-0.8614309166748373
sol_5m,long_p80,trend288_up,1,115,0.43478260869565216,-0.0019410820233646973,-0.2047169624402737,-0.01941082023364698,-0.9414029148269889
sol_5m,long_p80,mom24_down,1,129,0.4418604651162791,-0.00199366536359113,-0.2316020596775904,-0.019936653635911305,-0.9605917208664934
sol_5m,long_p80,high_atr,1,38,0.3684210526315789,-0.0019937397449722644,-0.07549269105856082,-0.019937397449722654,-0.6473570126174105
sol_5m,long_p60,rsi_hot,1,90,0.4222222222222222,-0.002010484987480053,-0.16938607120627425,-0.020104849874800542,-0.8982279207557523
sol_5m,short_p40,rsi_hot,-1,148,0.47297297297297297,-0.002022292838500661,-0.26508065022564,-0.020222928385006618,-0.9805738799795707
sol_5m,long_p100,low_atr,1,22,0.5454545454545454,-0.0020581339348163604,-0.044825045848010614,-0.020581339348163613,-0.4018658189313917
sol_5m,long_p100,trend288_up,1,41,0.34146341463414637,-0.002177583262505684,-0.0874743236712916,-0.021775832625056845,-0.6707787723292862
sol_5m,long_p60,trend72_up,1,180,0.42777777777777776,-0.0021802647966225252,-0.3316095701710903,-0.021802647966225254,-0.993290680889592
sol_5m,long_p60,all,1,412,0.44902912621359226,-0.0022626306842269284,-0.6150595832582093,-0.02262630684226929,-0.9999921016561382
sol_5m,short_p40,mom72_up,-1,232,0.4956896551724138,-0.002309470769714197,-0.4237507626321021,-0.023094707697141986,-0.9993373328255856
sol_5m,long_p60,trend72_down,1,232,0.46551724137931033,-0.002326535252195862,-0.42407850327790353,-0.023265352521958636,-0.9988227801164576
sol_5m,long_p100,trend72_down,1,52,0.3269230769230769,-0.0023399464013093775,-0.11689833089658086,-0.023399464013093788,-0.7750709471282969
sol_5m,short_p40,high_vol72,-1,116,0.47413793103448276,-0.002445592267123245,-0.25499128623772127,-0.024455922671232457,-0.9828542653118333
sol_5m,long_p100,mom72_down,1,49,0.30612244897959184,-0.002483596740155076,-0.11685692463042086,-0.024835967401550772,-0.7735809418008174
sol_5m,short_p40,low_vol72,-1,110,0.44545454545454544,-0.0024884999006703377,-0.244820036834957,-0.024884999006703375,-0.9757494939081044
sol_5m,long_p100,mom24_down,1,48,0.2916666666666667,-0.002516152170996247,-0.11619278776469899,-0.02516152170996248,-0.7760260404485082
sol_5m,long_p80,low_volume,1,72,0.4166666666666667,-0.0025306570667861313,-0.16887654457090673,-0.02530657066786132,-0.8806705517060043
sol_5m,long_p60,mom24_down,1,234,0.452991452991453,-0.002568703889977831,-0.4591119792404754,-0.02568703889977832,-0.9994563387719259
sol_5m,long_p60,low_volume,1,139,0.43884892086330934,-0.0025972380920692155,-0.3077105830583329,-0.02597238092069216,-0.9871449448951201
sol_5m,long_p80,rsi_mid,1,94,0.4148936170212766,-0.002657780587381786,-0.22532104402887565,-0.026577805873817858,-0.9537949836206605
sol_5m,short_p40,high_volume,-1,55,0.45454545454545453,-0.0026798490953910755,-0.1410466272438854,-0.02679849095391077,-0.8636569585241543
sol_5m,long_p60,mom72_down,1,220,0.44545454545454544,-0.002691392786052269,-0.45308842006814276,-0.0269139278605227,-0.9992518495838061
sol_5m,long_p60,rsi_mid,1,184,0.41847826086956524,-0.002766883400334011,-0.40512370974792644,-0.02766883400334013,-0.9979534329768945
sol_5m,long_p60,low_vol72,1,117,0.42735042735042733,-0.002884239894432916,-0.29036093211286707,-0.028842398944329162,-0.9813578694375962
sol_5m,long_p60,trend288_down,1,187,0.42780748663101603,-0.0029120786188097055,-0.42627529591399027,-0.02912078618809707,-0.998761393150517
sol_5m,short_p40,trend288_up,-1,176,0.45454545454545453,-0.0029978111241251134,-0.41575908253856453,-0.02997811124125114,-0.9983579705673332
sol_5m,long_p100,rsi_mid,1,27,0.2962962962962963,-0.0040965109207758,-0.10675127556406672,-0.040965109207758026,-0.7397337688476309
sol_5m,long_p100,low_volume,1,27,0.2962962962962963,-0.004225859102632103,-0.10905203288546195,-0.042258591026321034,-0.7267284629861734
zec_5m,long_p80,high_atr,1,37,0.6486486486486487,0.007975181925791514,0.3275231345125289,0.07975181925791515,6.2838053836620205
zec_5m,long_p80,high_vol24,1,41,0.6097560975609756,0.006675372032686644,0.2995842845354717,0.06675372032686644,4.913014056444961
zec_5m,long_p80,high_vol72,1,33,0.5454545454545454,0.004423785853294148,0.14995398985866304,0.04423785853294147,1.4499788609801172
zec_5m,long_p60,high_atr,1,82,0.524390243902439,0.0027861375329348037,0.224911691350959,0.027861375329348015,-0.002696093585510817
zec_5m,long_p100,rsi_cold,1,25,0.48,0.00272572834157539,0.06799375520235706,0.027257283415753893,0.6038626417148427
zec_5m,long_p100,mom24_down,1,36,0.5,0.0019007180396691035,0.06787224311870954,0.019007180396691026,0.5471010342808564
zec_5m,long_p60,high_vol24,1,84,0.4880952380952381,0.0018068036362902027,0.13510063201437017,0.018068036362902006,-0.516946701607098
zec_5m,long_p100,trend288_down,1,21,0.42857142857142855,0.0017342803551185252,0.034730654601059285,0.017342803551185237,0.17531789193811997
zec_5m,long_p100,trend72_down,1,40,0.475,0.0015515327628727526,0.060935123050964934,0.01551532762872752,0.43001252697261605
zec_5m,short_p20,high_vol24,-1,55,0.5454545454545454,0.0013082317229805923,0.06756299684373612,0.013082317229805898,0.11043536198159942
zec_5m,long_p60,high_vol72,1,83,0.46987951807228917,0.001065443522349489,0.06905713467665753,0.010654435223494867,-0.6840948204189421
zec_5m,short_p20,rsi_cold,-1,66,0.5606060606060606,0.0008107742397171012,0.04659341725746313,0.008107742397171007,-0.11557700619324052
zec_5m,short_p40,rsi_cold,-1,126,0.5873015873015873,0.0007811443453931327,0.08501922955158614,0.00781144345393131,-0.4449678589181453
zec_5m,short_p0,rsi_hot,-1,27,0.5555555555555556,0.0006657483685301919,0.013901331988907861,0.006657483685301898,-0.2065872014272343
zec_5m,short_p0,high_atr,-1,22,0.5454545454545454,0.0006643188625332167,0.012711641439857146,0.006643188625332152,-0.037417568316523764
zec_5m,long_p80,mom24_up,1,59,0.4915254237288136,0.0003363052766308542,0.008834196388867621,0.0033630527663085197,-0.5184840677576024
zec_5m,long_p100,all,1,55,0.4727272727272727,0.00027203275305638587,0.010448967472887594,0.0027203275305638405,-0.24599623218055666
zec_5m,short_p20,high_atr,-1,56,0.5714285714285714,0.00021256934217935326,0.0006612327109367655,0.002125693421793514,-0.9873282819613077
zec_5m,long_p80,high_volume,1,27,0.48148148148148145,-6.574063628844204e-05,-0.009329899855442969,-0.000657406362884443,-0.5012593684370125
zec_5m,long_p100,mom72_down,1,37,0.40540540540540543,-0.0001395434001980919,-0.007954424181296438,-0.001395434001980928,-0.26886826343045334
zec_5m,long_p80,rsi_cold,1,71,0.49295774647887325,-0.00041140867493361723,-0.037027799126567174,-0.0041140867493361915,-0.7018541609474147
zec_5m,short_p40,high_vol24,-1,105,0.5523809523809524,-0.0004742134124050373,-0.06477701282938508,-0.004742134124050396,-0.9032818189989077
zec_5m,long_p100,trend288_up,1,34,0.5,-0.0006311201776290532,-0.023466674172839985,-0.006311201776290548,-0.3584682297518016
zec_5m,short_p0,high_vol24,-1,24,0.5,-0.0007399321822011475,-0.01982875246508642,-0.007399321822011484,-0.32591806387500877
zec_5m,short_p40,trend288_down,-1,311,0.5144694533762058,-0.0008171468776697956,-0.2567109703380046,-0.008171468776697971,-0.9991270820421875
zec_5m,long_p80,trend72_up,1,61,0.45901639344262296,-0.0008792615345504299,-0.06351158033065152,-0.008792615345504318,-0.7935323647407815
zec_5m,short_p40,mom72_down,-1,274,0.5036496350364964,-0.0009078133761035711,-0.2493274026559621,-0.009078133761035726,-0.998418566839205
zec_5m,short_p20,mom72_down,-1,155,0.47096774193548385,-0.0009115227576383016,-0.15062266455484685,-0.00911522757638303,-0.9731867706775477
zec_5m,long_p80,mom72_up,1,72,0.5,-0.0009714548957715453,-0.08069950942184989,-0.00971454895771547,-0.8686240685218676
zec_5m,short_p20,trend288_down,-1,180,0.48333333333333334,-0.0009745109179808152,-0.18120183196045536,-0.009745109179808158,-0.9866049688537478
zec_5m,long_p60,mom72_up,1,181,0.43646408839779005,-0.0009827251299895936,-0.19522994922515946,-0.00982725129989596,-0.9953763502190152
zec_5m,long_p80,trend288_up,1,108,0.4722222222222222,-0.0010527172204594269,-0.1198555962573491,-0.010527172204594286,-0.9083401123865539
zec_5m,short_p40,trend72_down,-1,255,0.49411764705882355,-0.001210634479633882,-0.2885726622760496,-0.012106344796338828,-0.9982562188758364
zec_5m,long_p60,mom24_up,1,164,0.42073170731707316,-0.0013735833102877133,-0.22695654938408683,-0.013735833102877149,-0.9949581791885752
zec_5m,short_p40,low_vol24,-1,116,0.5086206896551724,-0.0014733379964554883,-0.16824577089276171,-0.0147333799645549,-0.9601124227257596
zec_5m,long_p60,trend288_up,1,221,0.4253393665158371,-0.0014734837135602344,-0.3065198413064929,-0.014734837135602358,-0.9989862924468575
zec_5m,long_p80,all,1,187,0.44385026737967914,-0.001508860131278748,-0.2634974170212355,-0.015088601312787496,-0.9940646030149719
zec_5m,long_p60,rsi_mid,1,187,0.40106951871657753,-0.0015585932673036309,-0.2797905948734537,-0.015585932673036327,-0.9979491453859952
zec_5m,short_p40,low_vol72,-1,130,0.5,-0.0016004604694708137,-0.19784127943009,-0.016004604694708144,-0.9681545010774545
zec_5m,short_p40,mom24_down,-1,250,0.504,-0.0016198921464595103,-0.35497712617495114,-0.016198921464595117,-0.9994787370054794
zec_5m,short_p0,mom24_up,-1,44,0.45454545454545453,-0.0016413913966155525,-0.07495916398838887,-0.016413913966155547,-0.7535074545793374
zec_5m,long_p80,rsi_hot,1,32,0.46875,-0.0017290162145222863,-0.056768307758100045,-0.01729016214522288,-0.5827635260655291
zec_5m,short_p20,trend72_down,-1,144,0.4444444444444444,-0.0018070765766311355,-0.24339209320940514,-0.018070765766311375,-0.9885598531550917
zec_5m,long_p80,trend72_down,1,126,0.4365079365079365,-0.0018136658011234106,-0.213548648856965,-0.01813665801123411,-0.9712526518862085
zec_5m,short_p20,mom24_down,-1,142,0.47183098591549294,-0.0018410282460252366,-0.24443987143164392,-0.018410282460252385,-0.9889818288819012
zec_5m,long_p80,mom72_down,1,115,0.40869565217391307,-0.0018453225395963018,-0.19884456657302885,-0.01845322539596302,-0.9548212757219076
zec_5m,long_p60,trend72_up,1,164,0.4146341463414634,-0.001858037831168955,-0.28618458738963926,-0.01858037831168957,-0.9977519839517985
zec_5m,long_p60,low_volume,1,114,0.43859649122807015,-0.0019001853979078657,-0.20707905449333774,-0.019001853979078675,-0.9737407811564927
zec_5m,short_p40,low_atr,-1,125,0.488,-0.0019404867014183344,-0.22803899419927676,-0.019404867014183355,-0.9862096130573053
zec_5m,long_p80,low_volume,1,50,0.48,-0.0020140714033291766,-0.09907666043669316,-0.02014071403329178,-0.7510759518903662
zec_5m,long_p60,all,1,398,0.41708542713567837,-0.0020450397782759452,-0.5842963585377121,-0.02045039778275947,-0.9999994450347808
zec_5m,long_p60,rsi_cold,1,127,0.44881889763779526,-0.0020902503011131415,-0.2455203467605349,-0.020902503011131435,-0.9885441197606596
zec_5m,short_p40,high_atr,-1,107,0.5420560747663551,-0.002115801375253325,-0.2204561193029685,-0.021158013752533268,-0.99969352252503
zec_5m,long_p80,trend288_down,1,79,0.4050632911392405,-0.0021324479080950354,-0.1632025610264366,-0.02132447908095037,-0.9352454258938301
zec_5m,long_p60,trend72_down,1,234,0.4188034188034188,-0.002176100971974862,-0.417631457491096,-0.02176100971974863,-0.9997531311132583
zec_5m,short_p40,all,-1,498,0.5140562248995983,-0.002200965978472218,-0.6940472979258394,-0.02200965978472219,-1.0000000000440714
zec_5m,long_p80,rsi_mid,1,84,0.39285714285714285,-0.002352598925763404,-0.18914697779192224,-0.023525989257634047,-0.9522867771459206
zec_5m,long_p80,mom24_down,1,128,0.421875,-0.00235936606148708,-0.2699468499233242,-0.023593660614870816,-0.9876735190102907
zec_5m,long_p60,high_volume,1,62,0.3870967741935484,-0.0023728257106346404,-0.14719874414735556,-0.023728257106346413,-0.928920871180724
zec_5m,short_p20,low_vol72,-1,68,0.47058823529411764,-0.0024422335555989013,-0.15691743346799392,-0.024422335555989026,-0.8848391965793743
zec_5m,long_p60,mom24_down,1,234,0.41452991452991456,-0.002515633200284792,-0.4622506132985401,-0.02515633200284793,-0.9998899276194149
zec_5m,short_p20,low_volume,-1,64,0.53125,-0.0025407197270204576,-0.15603766876222724,-0.025407197270204584,-0.9205730652004848
zec_5m,short_p0,high_vol72,-1,25,0.48,-0.0025442654220368005,-0.06378941904013069,-0.025442654220368014,-0.584059821842251
zec_5m,short_p20,low_vol24,-1,65,0.47692307692307695,-0.002586909466332045,-0.1595128083564341,-0.025869094663320463,-0.9053260366722743
zec_5m,short_p40,rsi_mid,-1,238,0.4831932773109244,-0.002613823641171625,-0.4796417099563465,-0.026138236411716264,-0.9999459715281247
zec_5m,short_p0,trend72_up,-1,40,0.45,-0.002643029606232617,-0.10603205961343487,-0.026430296062326185,-0.8414922069624349
zec_5m,short_p40,low_volume,-1,127,0.5354330708661418,-0.0026637834922220017,-0.2993282185474586,-0.026637834922220025,-0.9959996482020941
zec_5m,short_p40,mom24_up,-1,247,0.5263157894736842,-0.0027479914360734837,-0.5197383287357588,-0.027479914360734874,-1.000000096464684
zec_5m,short_p20,all,-1,271,0.4833948339483395,-0.0027506462549025928,-0.550023793629214,-0.02750646254902593,-1.000000075058889
zec_5m,long_p60,trend288_down,1,177,0.4067796610169492,-0.002758677576593303,-0.4005543832062064,-0.02758677576593304,-0.9994525391297748
zec_5m,long_p60,mom72_down,1,217,0.4009216589861751,-0.0029311178950493537,-0.4834504078996924,-0.029311178950493556,-0.9998799724794296
zec_5m,short_p0,trend288_down,-1,62,0.41935483870967744,-0.002978137451384409,-0.17843435010696285,-0.029781374513844106,-0.9518863323442965
zec_5m,long_p60,rsi_hot,1,84,0.40476190476190477,-0.0030596083634128377,-0.2349716873011406,-0.030596083634128395,-0.9763787744315978
zec_5m,short_p20,low_atr,-1,70,0.45714285714285713,-0.003096396785153205,-0.20081068713043138,-0.030963967851532048,-0.9534085603215776
zec_5m,short_p20,high_vol72,-1,62,0.46774193548387094,-0.0030981790615374092,-0.18599753199682623,-0.030981790615374108,-0.9988283389970228
zec_5m,long_p100,rsi_mid,1,20,0.4,-0.0031833471714469187,-0.06276385743393287,-0.03183347171446921,-0.5310711992419329
zec_5m,short_p40,trend72_up,-1,243,0.5349794238683128,-0.0032402027365124467,-0.5699452553327712,-0.032402027365124486,-1.0000000252734595
zec_5m,short_p0,mom72_up,-1,37,0.40540540540540543,-0.0032530682176341594,-0.11723525629773612,-0.032530682176341606,-0.8255600154881962
zec_5m,short_p0,all,-1,87,0.41379310344827586,-0.0033053259742562785,-0.2611313118320324,-0.033053259742562784,-0.9882052191835047
zec_5m,short_p0,mom72_down,-1,50,0.42,-0.0033439967141566463,-0.16300611976278567,-0.03343996714156647,-0.9323848781028914
zec_5m,long_p80,low_vol24,1,42,0.40476190476190477,-0.0034635833522687733,-0.13791501128432315,-0.034635833522687745,-0.8288437445156795
zec_5m,short_p20,rsi_mid,-1,129,0.4418604651162791,-0.0035649686819273067,-0.3787978183358385,-0.03564968681927309,-0.9985831134458446
zec_5m,long_p60,low_vol72,1,101,0.3465346534653465,-0.0036609835620392502,-0.3164131165001056,-0.03660983562039251,-0.9925053685903752
zec_5m,short_p20,mom24_up,-1,129,0.49612403100775193,-0.003751931194907121,-0.4044468608694247,-0.03751931194907123,-1.000006812282035
zec_5m,short_p40,mom72_up,-1,224,0.5267857142857143,-0.0037827687152981507,-0.5924285725139622,-0.03782768715298153,-1.0000000278680015
zec_5m,short_p20,trend72_up,-1,127,0.5275590551181102,-0.0038205205357773144,-0.40527160457586286,-0.03820520535777316,-1.0000065610074926
zec_5m,short_p0,trend72_down,-1,47,0.3829787234042553,-0.0038689824576806707,-0.17349531813358943,-0.03868982457680671,-0.9255886376911444
zec_5m,short_p0,low_vol72,-1,22,0.4090909090909091,-0.003910082784524197,-0.0837126295798657,-0.039100827845241985,-0.6391181581845069
zec_5m,long_p60,low_atr,1,104,0.38461538461538464,-0.004041393663587598,-0.34998596556537787,-0.040413936635875995,-0.9957351291304842
zec_5m,short_p0,trend288_up,-1,25,0.4,-0.004116753510978513,-0.10065776452050534,-0.04116753510978514,-0.7548559195092417
zec_5m,short_p40,high_volume,-1,88,0.5,-0.004135394560302614,-0.32384254900125053,-0.04135394560302616,-1.0002208148769385
zec_5m,long_p80,low_atr,1,51,0.39215686274509803,-0.00417456626290983,-0.19493322314473482,-0.041745662629098304,-0.9263184401424293
zec_5m,short_p40,rsi_hot,-1,134,0.5,-0.004271755359700389,-0.45810595302022317,-0.042717553597003924,-1.0000014696565345
zec_5m,long_p80,low_vol72,1,45,0.3111111111111111,-0.004351692468940756,-0.18035961627189645,-0.04351692468940757,-0.8981756206922195
zec_5m,short_p0,low_volume,-1,27,0.5185185185185185,-0.004419504181620883,-0.11527130262348961,-0.044195041816208834,-0.8024995531688959
zec_5m,short_p20,rsi_hot,-1,76,0.4868421052631579,-0.004461253617517218,-0.3078844945757565,-0.044612536175172184,-1.0000598972700168
zec_5m,short_p40,high_vol72,-1,111,0.45045045045045046,-0.004490779418093282,-0.4078497910213419,-0.044907794180932825,-0.9999861492342356
zec_5m,short_p40,trend288_up,-1,187,0.5133689839572193,-0.004502397745047368,-0.58837990355745,-0.04502397745047371,-1.0000000504874271
zec_5m,long_p60,low_vol24,1,87,0.3563218390804598,-0.004636693402757868,-0.33757894603568694,-0.04636693402757868,-0.9934540623136578
zec_5m,short_p0,mom24_down,-1,43,0.37209302325581395,-0.005007956704865392,-0.20125830189977323,-0.05007956704865393,-0.9521495435232475
zec_5m,short_p20,mom72_up,-1,116,0.5,-0.0052080957555574615,-0.47022814526248735,-0.052080957555574646,-1.0000027993229859
zec_5m,short_p20,trend288_up,-1,91,0.4835164835164835,-0.0062638809872753365,-0.4504430714004065,-0.06263880987275339,-1.0000056034874683
zec_5m,short_p20,high_volume,-1,53,0.41509433962264153,-0.007057266038717953,-0.32647400530119375,-0.07057266038717953,-1.0003840053410669
zec_5m,short_p0,rsi_mid,-1,43,0.2558139534883721,-0.008521985614829392,-0.31113517207216757,-0.08521985614829393,-0.9887120384340576
